child	age	verb_types	lexical_types	morph_types	dir_types	noncaus_types	verb_tokens	lexical_tokens	morph_tokens	dir_tokens	noncaus_tokens	verb_entropy	verb_var	lex_entropy	lex_var	morph_entropy	morph_var	dir_entropy	dir_var	noncaus_entropy	noncaus_var	dir_inv_entropy	dir_inv_var	verb_obj	lex_obj	morph_obj	dir_obj	noncaus_obj
c1	1011	53	16	5	1	36	248	85	13	2	155	3.7223179989682995	0.06277765109331486	2.4843315353099436	0.09456109311109266	1.860235510956914	0.34157773732591856	0.872892584885851	0.852501237606798	3.334731032820289	0.07865231928502077	3.0512411524959546	0.07949933496312439	0.206189	0.229606	0.461774	0.0	0.180722
c1	1024	48	13	7	2	32	236	86	15	4	139	3.4523839252603166	0.0748269538985114	2.09793142454339	0.10365722491233151	2.23192374193937	0.366278045147356	1.3441541090838527	0.6257272348434095	3.0454991618157568	0.09011441994121518	2.810952252730114	0.07818256477842905	0.337816	0.433579	0.267277	0.0	0.291804
c1	1038	47	15	5	2	30	249	105	10	2	140	3.429262167304539	0.07410818373436785	2.301995354627019	0.09834925084962741	2.052689292610862	0.4488672790432566	2.5213534643017894	0.970981385250907	2.9992981715038907	0.09155128883404216	2.613052761659823	0.09167182317605106	0.356199	0.429723	0.299932	0.499933	0.307525
c1	1052	72	20	4	0	50	445	129	7	0	310	3.6288207522738323	0.06339029152412977	2.5764319329182093	0.0961079121224485	2.045849727076297	0.5949205249631748	0	0	3.158477086295409	0.07942539736732492	3.0218359537764625	0.08020519070339714	0.245048	0.468487	0.427818	0	0.151915
c1	1064	56	14	7	2	41	328	120	15	2	196	3.3734575631894455	0.06494838622063384	2.0227594882877606	0.10464931714166427	2.260619722833161	0.34552509963439243	2.1989873890185985	0.8161695382642676	3.058782836927679	0.08879141823729284	2.640882432967647	0.07935056839916206	0.309292	0.482534	0.399956	0.499827	0.209384
c1	1080	50	15	5	1	32	212	54	6	1	154	3.4220159623909185	0.07781075894388885	2.2546855612638677	0.14477419381027887	2.8719846205656556	0.6255057478217938	1.7482537103366462	1.0504346940764417	2.9485050677904883	0.08018586948198525	2.6409203850289606	0.10717692517686199	0.233031	0.38474200000000003	0.16637	1.0	0.181526
c1	1098	60	13	3	1	46	201	69	11	5	125	3.8220582561634653	0.08418879681687921	2.319372936613162	0.11734790287845794	1.2915149344269115	0.3081247964788147	0.2725830555730825	0.3843669674420615	3.6037764279987003	0.11056011033578274	2.9825461019667334	0.11757331167994814	0.260687	0.411351	0.182244	0.20007	0.191158
c1	242	1	0	0	0	1	1	0	0	0	1	0	0	0	0	0	0	0	0	0	0	0	0	0.0	0	0	0	0.0
c1	273	0	0	0	0	0	0	0	0	0	0	0	0	0	0	0	0	0	0	0	0	0	0	0	0	0	0	0
c1	289	0	0	0	0	0	0	0	0	0	0	0	0	0	0	0	0	0	0	0	0	0	0	0	0	0	0	0
c1	300	1	0	0	0	1	3	0	0	0	3	0.0	0.0	0	0	0	0	0	0	0.0	0.0	0	0	0.0	0	0	0	0.0
c1	315	0	0	0	0	0	0	0	0	0	0	0	0	0	0	0	0	0	0	0	0	0	0	0	0	0	0	0
c1	331	1	0	0	0	1	3	0	0	0	3	0.0	0.0	0	0	0	0	0	0	0.0	0.0	0	0	0.0	0	0	0	0.0
c1	346	0	0	0	0	0	0	0	0	0	0	0	0	0	0	0	0	0	0	0	0	0	0	0	0	0	0	0
c1	368	1	0	0	0	1	1	0	0	0	1	0	0	0	0	0	0	0	0	0	0	0	0	0.0	0	0	0	0.0
c1	382	0	0	0	0	0	0	0	0	0	0	0	0	0	0	0	0	0	0	0	0	0	0	0	0	0	0	0
c1	396	1	0	0	0	1	3	0	0	0	3	0.0	0.0	0	0	0	0	0	0	0.0	0.0	0	0	0.0	0	0	0	0.0
c1	410	0	0	0	0	0	0	0	0	0	0	0	0	0	0	0	0	0	0	0	0	0	0	0	0	0	0	0
c1	430	3	2	0	0	1	6	5	0	0	1	1.0436266777262866	0.23876532645818935	0.5307525444735296	0.1661873959558738	0	0	0	0	0	0	0.5307525444735296	0.1661873959558738	0.0	0.0	0	0	0.0
c1	448	5	2	0	0	3	20	15	0	0	5	1.3854804167308272	0.20375578580962764	0.5861588558712664	0.0971955868701163	0	0	0	0	1.110912056039348	0.21763716644860603	0.8664080197837788	0.18206046635665307	0.300186	0.40014	0	0	0.0
c1	464	5	0	0	0	5	9	0	0	0	9	1.718688666051837	0.23213822745113266	0	0	0	0	0	0	1.718688666051837	0.23213822745113266	0.5888857369573746	0.13445048153381714	0.0	0	0	0	0.0
c1	481	6	2	0	0	4	10	5	0	0	5	1.9639776105100841	0.17762154191057478	0.6261553742260982	0.09167139630277346	0	0	0	0	1.550223096291509	0.20151805156595123	0.9867600231184507	0.11725438677693978	0.300162	0.400358	0	0	0.199703
c1	495	1	0	0	0	1	1	0	0	0	1	0	0	0	0	0	0	0	0	0	0	0	0	0.0	0	0	0	0.0
c1	513	1	1	0	0	0	1	1	0	0	0	0	0	0	0	0	0	0	0	0	0	0	0	1.0	1.0	0	0	0
c1	526	2	1	0	0	1	11	1	0	0	10	0.410675531208016	0.2175420046798201	0	0	0	0	0	0	0.0	0.0	0	0	0.0	0.0	0	0	0.0
c1	545	2	1	0	0	1	15	14	0	0	1	0.32547258995822687	0.1863772963330028	0.0	0.0	0.0	0.0	0.0	0.0	0	0	0.0	0.0	0.066882	0.071767	0	0	0.0
c1	562	2	2	0	0	0	3	3	0	0	0	0.5888857369573746	0.13445048153381714	0.5888857369573746	0.13445048153381714	0	0	0	0	0	0	0.5888857369573746	0.13445048153381714	0.0	0.0	0	0	0
c1	575	1	0	0	0	1	2	0	0	0	2	0.0	0.0	0	0	0	0	0	0	0.0	0.0	0	0	0.0	0	0	0	0.0
c1	589	1	1	0	0	0	3	3	0	0	0	0.0	0.0	0.0	0.0	0.0	0.0	0.0	0.0	0	0	0.0	0.0	1.0	1.0	0	0	0
c1	606	2	0	0	0	2	4	0	0	0	4	0.563387815121764	0.15196743683362013	0	0	0	0	0	0	0.563387815121764	0.15196743683362013	0	0	0.0	0	0	0	0.0
c1	621	3	1	0	0	2	5	1	0	0	4	0.9963429656086066	0.11063335335318521	0	0	0	0	0	0	0.6261553742260982	0.09167139631251427	0	0	0.0	0.0	0	0	0.0
c1	637	5	2	0	0	3	36	11	0	0	25	1.4923277666650674	0.0718818931198957	0.5032076636033035	0.14332074129827727	0	0	0	0	1.0196486277408905	0.06763380316856202	0.5032076636033035	0.14332074129827727	0.333906	0.453732	0	0	0.279956
c1	651	2	0	0	0	2	2	0	0	0	2	0.5888857369573726	0.13445048199419285	0	0	0	0	0	0	0.5888857369573726	0.13445048199419285	0	0	0.0	0	0	0	0.0
c1	665	3	1	0	0	2	7	1	0	0	6	0.9636402074699646	0.13237600689146564	0	0	0	0	0	0	0.6129761563971053	0.10353908648533289	0.5888857369573746	0.13445048153381714	0.0	0.0	0	0	0.0
c1	679	2	1	0	0	1	2	1	0	0	1	0.5888857369573726	0.13445048199419285	0	0	0	0	0	0	0	0	0.5888857369573726	0.13445048199419285	0.499242	1.0	0	0	0.0
c1	693	4	3	0	0	1	9	8	0	0	1	1.3966968416784227	0.16118446722761406	1.0102543935975126	0.09576448964043414	0	0	0	0	0	0	0.9963429656086066	0.11063335335318521	0.555394	0.500518	0	0	1.0
c1	707	1	0	0	0	1	1	0	0	0	1	0	0	0	0	0	0	0	0	0	0	0	0	0.0	0	0	0	0.0
c1	722	3	0	0	0	3	8	0	0	0	8	1.0443803417807833	0.21271809249712337	0	0	0	0	0	0	1.0443803417807833	0.21271809249712337	0.5937994246846477	0.1160637115178506	0.249576	0	0	0	0.249422
c1	742	0	0	0	0	0	0	0	0	0	0	0	0	0	0	0	0	0	0	0	0	0	0	0	0	0	0	0
c1	756	6	4	0	0	2	7	5	0	0	2	2.0833076167979145	0.18545632029693168	1.550223096291509	0.20151805156595123	0	0	0	0	0.5888857369573726	0.13445048199419285	0.977588918268315	0.1309152789750405	0.285212	0.199971	0	0	0.499275
c1	777	2	0	0	0	2	2	0	0	0	2	0.5888857369573726	0.13445048199419285	0	0	0	0	0	0	0.5888857369573726	0.13445048199419285	0	0	0.0	0	0	0	0.0
c1	791	9	5	1	0	4	23	6	1	0	17	2.0903335200979085	0.2046906263086341	1.8455500613421636	0.19559692996532668	1.2424533063979477	0.7733206844089802	0	0	1.1879912053705695	0.12446138325491768	1.4408140413222335	0.2766655911613052	0.173883	0.33415	0.0	0	0.118119
c1	804	21	6	3	0	13	84	26	6	0	56	2.827912974652698	0.11168652452454622	1.6340104548320757	0.09836289190480639	1.4852000785620194	0.553860777575242	0	0	2.2859597219999483	0.13114654838970705	2.3550240010718806	0.1219724329119528	0.246633	0.478305	0.334297	0	0.143205
c1	819	12	6	2	0	5	68	26	7	0	41	1.96363614159189	0.13347847417470218	1.67783207203587	0.08136614058969971	0.7091038194445558	0.390931499692879	0	0	0.8965313670534261	0.16504936093933947	1.6470648830654653	0.14775755558309892	0.323528	0.384532	0.142362	0	0.292331
c1	832	24	5	1	0	19	87	21	2	0	64	2.8443258442556263	0.09335539987630335	1.4905835515100851	0.0924009040776908	0.8246320887281454	0.7931359983775434	0	0	2.527228334385331	0.11447813650699253	1.769357506886334	0.12908258523698218	0.207533	0.28644	1.0	0	0.155781
c1	848	27	6	3	0	20	82	23	4	0	56	2.9324794375642202	0.10699305042551684	1.5350462946589312	0.1847731416425976	2.0035636023658236	0.6152137867053358	0	0	2.552017834708624	0.1319960751588016	2.3610425991912076	0.12184555221688885	0.252752	0.29954	0.250685	0	0.232063
c1	859	44	11	2	0	33	201	90	6	0	109	3.1164012663744782	0.0961065640016455	1.7138915881698809	0.130290910634861	1.0139718198717518	0.4479048465818207	0	0	3.015421338913229	0.121327706214757	2.5175305385722297	0.12355916574536029	0.479894	0.6592870000000001	0.666319	0	0.330152
c1	873	47	16	2	0	31	186	96	22	0	76	3.3866042038722703	0.08362181370488563	2.2044043447477066	0.09890014026120657	0.7324259278607361	0.13963538132182254	0	0	3.400074843894043	0.12397983687702761	2.7953614244208347	0.08682731796872231	0.436578	0.516416	0.59168	0	0.289533
c1	885	46	14	1	0	32	220	113	27	0	107	3.3110530398469447	0.07028551703814108	2.0345612184150146	0.08957401648668742	0.04138058885859806	0.08123319202235132	0	0	3.2221954881438206	0.08622828010015908	2.8493896406607053	0.08237819527753716	0.241322	0.336797	0.518016	0	0.138191
c1	901	28	9	4	1	18	140	63	8	4	75	2.864680603839096	0.10789972880844788	1.6656107643357752	0.1384128970356477	1.806583405176414	0.49221597161030567	0.34987201224509956	0.4588371428792894	2.509044114371779	0.14096048318486387	2.177452361362184	0.11717310131459355	0.32113	0.517012	0.24907	0.0	0.159852
c1	915	47	13	4	0	33	244	106	11	0	135	3.137263311115723	0.09503650950927542	2.086705602253906	0.10849068309174098	1.3172178589478192	0.4343995199444675	0	0	2.6880943882235933	0.14583839059371348	2.2554156778104315	0.11092938421758627	0.234314	0.357574	0.272189	0	0.13439
c1	930	32	9	1	0	23	183	83	5	0	100	2.9631441672398746	0.07314832922615015	1.5846141228289483	0.10883419761031873	0.26584480525250626	0.3727662819424615	0	0	2.8195158667861056	0.07745811778233336	2.3985517079023513	0.09172537362964853	0.164207	0.229167	0.40076	0	0.109412
c1	941	45	10	1	0	35	149	47	1	0	102	3.4830629998238813	0.08133380304688	1.814959465501132	0.14270882408494343	1.9459100261246516	1.1596696755452531	0	0	3.3778537422744868	0.11035920698546489	2.8075905404068706	0.09230941945164953	0.200335	0.408896	0.0	0	0.109802
c1	957	41	10	2	1	31	161	56	4	1	105	3.4419768623971376	0.09218483001174692	2.1045332266631167	0.13077521418696691	1.2767166832069798	0.6962562961406499	1.8567859188651972	1.1103443707716947	3.1531882458992655	0.11540658698504837	2.7917722585675593	0.1117552529853605	0.24876500000000001	0.437993	0.250398	1.0	0.162624
c1	972	44	13	2	1	31	154	61	5	3	90	3.3554309353454173	0.11531051159998461	2.398223582953431	0.12481796891916949	1.1613043706366	0.5336983117741544	0.5203367019603411	0.6232206100925218	2.938289629210177	0.16713828659014257	2.413901170621301	0.13501970640962116	0.297821	0.379642	0.599923	0.666389	0.233214
c1	984	33	10	3	0	22	175	68	7	0	105	3.1532021683751865	0.06982778395249789	2.163378599566728	0.06348968693501457	1.3010725652604103	0.49820869527685097	0	0	2.6353533425835205	0.09691489195173025	2.433556540650883	0.09782670351547354	0.291342	0.499426	0.429051	0	0.161675
c1	998	53	16	4	0	35	347	132	29	0	205	3.3443873479745956	0.06161596607445011	2.3781815702819102	0.07735295925280386	1.0385028824060845	0.19532810342368798	0	0	2.800641346433346	0.09039066228306031	2.5796442732118328	0.08464194394268171	0.356531	0.429045	0.379444	0	0.308173
c2	1004	101	25	7	3	72	414	67	12	3	339	4.276293124574202	0.057106946101685284	3.17834315779997	0.12801320334643065	2.5609022228836125	0.47427774224287494	3.037796045112717	0.8914393054944935	3.9079035730406666	0.06411385574273368	3.5602095969572196	0.07912151773780178	0.245382	0.442293	0.334458	0.333223	0.210388
c2	1019	74	22	8	3	48	491	92	16	6	389	3.693745334809911	0.05905744899556678	2.8793724788816957	0.09519018022672728	2.486558023252161	0.37120876608308784	1.502186807852914	0.5700846484068056	3.2128090018621074	0.06509723699479082	2.987343277832623	0.07994718896141244	0.25297200000000003	0.291174	0.312456	0.33265300000000003	0.243763
c2	1037	46	12	4	1	31	224	82	4	1	138	3.211590493887615	0.08838704448621834	1.7941568638716798	0.12602406143701622	3.2247374871124075	0.7428076765035744	1.7005986275888632	1.0241832872163292	2.889499291440527	0.11308943761484917	2.5373141960286234	0.08895005672412179	0.207109	0.286038	0.750098	1.0	0.146246
c2	1056	71	21	5	1	49	304	75	6	1	223	4.036700803312557	0.06670979523013908	2.9566907537963805	0.11618089359521437	3.1992115659821896	0.8454750217054189	2.071567217514593	1.229409914507585	3.6203148334384014	0.07394198828084651	3.3038330800998197	0.08137530450107053	0.211972	0.284891	0.399544	0	0.183569
c2	1079	49	12	4	2	35	197	47	6	2	144	3.5851006418489404	0.08336892384486456	1.993395405833906	0.18320746770957785	2.2495895167830824	0.6889179210518781	2.5571922486523753	0.9884821522374867	3.3036027455356844	0.0862175906543254	2.984325633166826	0.1012787260083071	0.213412	0.279144	0.0	0.0	0.203093
c2	1119	57	13	4	1	43	204	63	10	1	133	3.843668744014239	0.08227453122628357	2.1495135433458388	0.14563657395838794	1.5481979968074557	0.43759270928657806	2.238668199430577	1.3224959471708648	3.679561540547027	0.10037447948202226	3.2501435341586977	0.11863926327787913	0.214897	0.36701	0.300496	1.0	0.144196
c2	238	0	0	0	0	0	0	0	0	0	0	0	0	0	0	0	0	0	0	0	0	0	0	0	0	0	0	0
c2	253	2	1	0	0	1	6	5	0	0	1	0.4967751962072567	0.17507888223257984	0.0	0.0	0	0	0	0	0	0	0.4967751962072567	0.17507888223257984	0.0	0.0	0	0	0.0
c2	309	0	0	0	0	0	0	0	0	0	0	0	0	0	0	0	0	0	0	0	0	0	0	0	0	0	0	0
c2	322	0	0	0	0	0	0	0	0	0	0	0	0	0	0	0	0	0	0	0	0	0	0	0	0	0	0	0
c2	336	0	0	0	0	0	0	0	0	0	0	0	0	0	0	0	0	0	0	0	0	0	0	0	0	0	0	0
c2	352	1	0	0	0	1	9	0	0	0	9	0.0	0.0	0	0	0	0	0	0	0.0	0.0	0	0	0.0	0	0	0	0.0
c2	368	5	3	0	0	2	16	7	0	0	9	1.4882402307848233	0.10148634906925179	1.0224810168635408	0.0847923907694738	0	0	0	0	0.5486843513318865	0.13434074977745605	1.0224810168635408	0.0847923907694738	0.0	0.0	0	0	0.0
c2	384	2	1	0	0	1	4	3	0	0	1	0.563387815121764	0.15196743683362013	0.0	0.0	0	0	0.0	0.0	0	0	0.0	0.0	0.0	0.0	0	0	0.0
c2	401	3	2	0	0	1	4	3	0	0	1	0.977588918268315	0.1309152789750405	0.5888857369573746	0.13445048153381714	0	0	0	0	0	0	0.5888857369573746	0.13445048153381714	0.0	0.0	0	0	0.0
c2	431	2	1	0	0	1	8	6	0	0	2	0.5717813016773869	0.1264828579685624	0.0	0.0	0	0	0.0	0.0	0.0	0.0	0.0	0.0	0.124385	0.166593	0	0	0.0
c2	474	2	1	0	0	1	3	1	0	0	2	0.5888857369573746	0.13445048153381714	0	0	0	0	0	0	0.0	0.0	0.5888857369573746	0.13445048153381714	0.0	0.0	0	0	0.0
c2	488	3	1	0	0	2	10	2	0	0	8	0.9647980590437709	0.12433861241744787	0.0	0.0	0	0	0	0	0.5717813016773869	0.1264828579685624	0.6261553742260982	0.09167139631251427	0.0	0.0	0	0	0.0
c2	508	6	4	0	0	2	8	5	0	0	3	2.0697075022442806	0.18930792579843386	1.550223096291509	0.20151805156595123	0	0	0	0	0.5888857369573746	0.13445048153381714	1.8455500613421636	0.19559692996532668	0.0	0.0	0	0	0.0
c2	523	4	2	0	0	2	7	4	0	0	3	1.404505841608925	0.16766640894792695	0.563387815121764	0.15196743683362013	0	0	0	0	0.5888857369573746	0.13445048153381714	1.110912056039348	0.21763716644860603	0.142446	0.0	0	0	0.333973
c2	536	0	0	0	0	0	0	0	0	0	0	0	0	0	0	0	0	0	0	0	0	0	0	0	0	0	0	0
c2	592	14	4	0	0	10	33	13	0	0	20	2.6340964714055346	0.19704020077050172	1.2258251076348066	0.24951395203287285	0	0	0	0	2.3994638404002457	0.24148496055567698	1.8836650247787234	0.28171811523765206	0.125384	0.166565	0	0	0.100427
c2	608	12	7	0	0	5	42	19	0	0	23	2.3887884564390514	0.06650704181824282	1.8762335992974075	0.06441619700020015	0	0	0	0	1.46276401446437	0.10011052722309981	2.0160299731945677	0.058751540376632036	0.094874	0.105045	0	0	0.086739
c2	622	2	2	0	0	0	7	7	0	0	0	0.643094336289649	0.07011276690392117	0.643094336289649	0.07011276690392117	0	0	0	0	0	0	0.643094336289649	0.07011276690392117	0.143644	0.142901	0	0	0
c2	642	14	5	0	0	9	25	6	0	0	19	2.8240615961527227	0.21501971837675182	1.8455500613421636	0.19559692996532668	0	0	0	0	2.24065234073935	0.24478388988762834	2.645838532109935	0.16282750244678423	0.0	0.0	0	0	0.0
c2	663	3	3	0	0	0	3	3	0	0	0	0.9775889182683151	0.1309152790730794	0.9775889182683151	0.1309152790730794	0	0	0	0	0	0	0.9775889182683151	0.1309152790730794	0.0	0.0	0	0	0
c2	683	8	1	0	0	7	27	7	0	0	20	1.6712012041814601	0.23870763341977985	0.0	0.0	0	0	0	0	1.4689708487795936	0.30487739024777233	1.4689080460914206	0.2993022789134393	0.037165	0.143171	0	0	0.0
c2	707	20	5	1	0	14	65	11	2	0	52	2.8149621397756115	0.12464080087655148	1.6252406044931123	0.2369251104625583	0.8350324127204908	0.8055961073283889	0	0	2.385115262314379	0.12431626910497862	2.384867989885048	0.18103661937086143	0.061119	0.090699	0.0	0	0.057787
c2	724	24	8	2	1	15	99	18	6	2	75	2.754643991483043	0.11922981577305243	2.0242512844852505	0.12423806350875856	1.0056553943722357	0.4369281143071068	0.74131204163626	0.6986688565834759	2.294520585433482	0.13609384527138585	2.4774739467581757	0.0664499153212624	0.040553	0.0	0.0	0.0	0.053118
c2	750	50	13	3	1	35	249	63	3	1	184	3.2484710948076185	0.08982691090652271	1.9296635261380524	0.15267392823935078	3.023624669776898	0.8851684174154058	1.7917593909085547	1.074429108269302	2.869678847370256	0.10133845042836188	2.34106279375151	0.11609623353390422	0.11317	0.174284	0.0	0.0	0.093239
c2	762	54	20	4	1	33	345	103	8	5	235	3.215684424206861	0.06725202146400583	2.2880905322903313	0.12001536183270112	1.6879945770048073	0.5105772925863571	0.2650154322488659	0.3713742355980664	2.6806323701643713	0.0815577774342158	2.362059741978252	0.08883168119017192	0.075849	0.110968	0.124856	0.0	0.059658
c2	780	26	9	1	0	17	115	44	1	0	70	2.860093415093761	0.11034023318793564	1.7640327137445204	0.17350561910840503	1.8567859188651972	1.1103443707716947	0	0	2.405498580981548	0.12343431575544295	2.084292561202917	0.15635561634649514	0.070133	0.092996	0.0	0	0.056984
c2	808	51	15	3	1	35	253	48	9	6	196	3.1600882241245993	0.08292813551973846	2.5560118040989455	0.14867304767471465	1.2075272497938152	0.4057794572220651	0.21482255846616535	0.31668400832383303	2.6573226006800916	0.09927880044233528	2.3930804064354607	0.11868457815896166	0.164169	0.422236	0.0	0.0	0.112665
c2	830	52	14	1	0	38	235	56	2	0	177	3.529038079170007	0.0675399211595321	2.366464238228077	0.1341193752367296	0.9410941510449179	0.9448825715955451	0	0	3.200670985563708	0.08478237446511587	3.2300112938579306	0.09746341577258025	0.27106	0.47155199999999997	1.0	0	0.203502
c2	849	72	16	7	2	54	368	66	9	2	294	3.8552098772420997	0.06349291064718436	2.4878558491099736	0.11867807905318328	3.166578744634173	0.6441890771056058	2.651997980454009	1.0350391569190023	3.5239226004582087	0.07023298328741415	3.4042143239047467	0.08465171722266766	0.234874	0.425643	0.6660130000000001	1.0	0.184926
c2	872	74	22	7	3	49	376	90	10	3	277	3.8417239984753815	0.053371496351831714	2.7234269524381385	0.12467801154555985	2.883745429052943	0.5571806146051281	2.8666811293532213	0.8165047599924069	3.4213901817586554	0.06476128063229002	3.483805247718368	0.08018170041607642	0.217191	0.273249	0.399873	0.334733	0.196689
c2	890	61	16	8	3	42	373	82	11	3	280	3.5081816553570393	0.05744644131259446	2.3267107149229016	0.10053656168029385	2.9742346614857946	0.4585825847229222	2.5361636711564266	0.6768663827272225	3.0946137181065847	0.0718916458631644	2.756781867745829	0.07919586591578766	0.201398	0.28502	0.454121	0.333632	0.168023
c2	924	71	19	7	3	49	340	90	12	4	238	3.9166518456747412	0.06616200785959357	2.523460511561198	0.13224438592831714	2.4769190575700915	0.47489272559757967	2.3147467495679654	0.8506995623091611	3.5505962437386143	0.07517785646093537	3.3960206433661115	0.08751189297296438	0.204787	0.378487	0.250797	0.500447	0.143203
c2	943	66	21	3	1	45	349	106	6	1	241	3.583485396436963	0.05923606431142264	2.1637695757096567	0.13430052338969314	1.5134004343603549	0.581122680207912	1.8444396127061553	1.1035205394902907	3.323885332970763	0.061447407163623874	3.0458029108238485	0.08110551109902503	0.217593	0.384701	0.833737	1.0	0.145227
c2	960	70	20	3	0	49	370	115	5	0	253	3.453241087571012	0.07801857207088991	2.05246240247381	0.1465880774999449	1.8522376783602652	0.7338254021300588	0	0	3.1516519899293134	0.08471182559658082	2.664119123461408	0.10533486779192068	0.215363	0.416421	0.400448	0	0.130155
c2	973	84	22	10	6	60	490	124	22	13	344	3.8534961320882615	0.05672548718810596	2.5658947642291934	0.10976591125758087	2.644511743925762	0.2958585131862614	2.094296494010174	0.36651826799095755	3.465018384754369	0.06909800496537853	3.379434646180389	0.05385223520673911	0.231104	0.352315	0.454343	0.153448	0.177947
c3	1021	55	17	3	1	37	241	95	5	1	145	3.3521449043304368	0.08331742522754161	2.565909358797037	0.0714877081654132	1.815785295490121	0.6949536906385922	1.7776739557897383	1.0666576375278904	2.7579636732029567	0.13796280699960398	2.742640677826738	0.09098474013679214	0.250375	0.333894	0.6001259999999999	0.0	0.195917
c3	1042	51	18	3	2	33	177	62	3	2	114	3.625191317955733	0.09495931569285493	2.4435235965961337	0.1809374495857626	3.0910530661151423	0.915108046442703	2.614558082075594	1.0166085306705246	3.251136675505315	0.10864932918920708	3.1492660392505507	0.11120254358555627	0.229102	0.375032	0.33335	0.0	0.159246
c3	1056	69	23	9	3	43	219	74	11	3	136	4.027170551678254	0.08087954397953721	2.836162392515361	0.15035198921911708	3.498539587906439	0.5523191366000134	2.8372056313021976	0.8037731138170764	3.556377039909824	0.09029588234208301	3.226797024960255	0.10498318280969908	0.247522	0.372101	0.181998	0.33367	0.191519
c3	1070	70	21	9	4	44	258	85	13	6	165	3.832451828553912	0.07940592704982134	2.442306749388111	0.13922201677622456	3.1080193730715946	0.4840298206855734	2.2784424313321643	0.6409598421072462	3.4093652572183766	0.08455653643924321	3.15962100662183	0.08954299194224746	0.283203	0.350538	0.386055	0.499596	0.238924
c3	1087	59	11	5	1	46	297	119	10	1	172	3.437321454584933	0.08185451098013893	1.680124818432707	0.0998704356788976	2.0669045875170067	0.46264726298033904	2.117053091928402	1.2547101975353876	3.421367390933234	0.10362060858240521	2.58126257455697	0.1034151984847472	0.27279000000000003	0.335908	0.600127	0.0	0.221291
c3	1109	77	17	9	5	57	351	117	17	8	222	3.791012814425321	0.07072391746044276	2.2433707095700264	0.0989387851142795	2.6336872561400355	0.37792199159937545	2.2043541790379133	0.5337873613320421	3.5327761372996274	0.09492140584736664	3.08933062528137	0.07631009015306814	0.32654700000000003	0.426232	0.587839	0.625429	0.256455
c3	246	0	0	0	0	0	0	0	0	0	0	0	0	0	0	0	0	0	0	0	0	0	0	0	0	0	0	0
c3	263	0	0	0	0	0	0	0	0	0	0	0	0	0	0	0	0	0	0	0	0	0	0	0	0	0	0	0
c3	278	0	0	0	0	0	0	0	0	0	0	0	0	0	0	0	0	0	0	0	0	0	0	0	0	0	0	0
c3	292	0	0	0	0	0	0	0	0	0	0	0	0	0	0	0	0	0	0	0	0	0	0	0	0	0	0	0
c3	308	0	0	0	0	0	0	0	0	0	0	0	0	0	0	0	0	0	0	0	0	0	0	0	0	0	0	0
c3	329	1	1	0	0	0	1	1	0	0	0	0	0	0	0	0	0	0	0	0	0	0	0	0.0	0.0	0	0	0
c3	347	2	2	0	0	0	2	2	0	0	0	0.5888857369573726	0.13445048199419285	0.5888857369573726	0.13445048199419285	0	0	0	0	0	0	0.5888857369573726	0.13445048199419285	0.0	0.0	0	0	0
c3	366	0	0	0	0	0	0	0	0	0	0	0	0	0	0	0	0	0	0	0	0	0	0	0	0	0	0	0
c3	383	0	0	0	0	0	0	0	0	0	0	0	0	0	0	0	0	0	0	0	0	0	0	0	0	0	0	0
c3	402	4	3	0	0	1	13	9	0	0	4	1.3221935355489935	0.06470062201633536	1.0251438378996607	0.08033142542097842	0	0	0	0	0.0	0.0	1.0251438378996607	0.08033142542097842	0.0	0.0	0	0	0.0
c3	421	1	1	0	0	0	1	1	0	0	0	0	0	0	0	0	0	0	0	0	0	0	0	0.0	0.0	0	0	0
c3	453	5	2	0	0	3	11	6	0	0	5	1.6682563906316379	0.1832971497304823	0.6129761563971053	0.10353908648533289	0	0	0	0	1.110912056039348	0.21763716644860603	0.6129761563971053	0.10353908648533289	0.0	0.0	0	0	0.0
c3	479	4	3	0	0	1	24	16	0	0	8	1.0841417878764148	0.1284998976325101	0.6650331833018631	0.1845169707906753	0	0	0	0	0.0	0.0	0.6650331833018631	0.1845169707906753	0.0	0.0	0	0	0.0
c3	495	1	1	0	0	0	1	1	0	0	0	0	0	0	0	0	0	0	0	0	0	0	0	0.0	0.0	0	0	0
c3	518	5	3	0	0	2	7	3	0	0	4	1.78717970978323	0.22176178490249207	0.9775889182683151	0.1309152790730794	0	0	0	0	0.563387815121764	0.15196743683362013	1.2677041320252525	0.11961431162023861	0.0	0.0	0	0	0.0
c3	535	1	1	0	0	0	1	1	0	0	0	0	0	0	0	0	0	0	0	0	0	0	0	0.0	0.0	0	0	0
c3	548	0	0	0	0	0	0	0	0	0	0	0	0	0	0	0	0	0	0	0	0	0	0	0	0	0	0	0
c3	562	1	1	0	0	0	1	1	0	0	0	0	0	0	0	0	0	0	0	0	0	0	0	0.0	0.0	0	0	0
c3	576	0	0	0	0	0	0	0	0	0	0	0	0	0	0	0	0	0	0	0	0	0	0	0	0	0	0	0
c3	590	0	0	0	0	0	0	0	0	0	0	0	0	0	0	0	0	0	0	0	0	0	0	0	0	0	0	0
c3	603	0	0	0	0	0	0	0	0	0	0	0	0	0	0	0	0	0	0	0	0	0	0	0	0	0	0	0
c3	617	4	2	0	0	2	13	3	0	0	10	1.1404156715506544	0.16380841665704507	0.5888857369573746	0.13445048153381714	0	0	0	0	0.5256005821449815	0.13982671226772866	1.1404156715506544	0.16380841665704507	0.077001	0.0	0	0	0.100148
c3	659	7	3	0	0	4	18	4	0	0	14	1.7141683369620784	0.24217120448956228	0.977588918268315	0.1309152789750405	0	0	0	0	1.0640759619402809	0.2497982257141142	1.5099526511555261	0.22509579533996152	0.117494	0.499946	0	0	0.0
c3	686	13	3	0	0	10	29	5	0	0	24	2.69610975173024	0.1670688062436995	1.110912056039348	0.21763716644860603	0	0	0	0	2.3517085051196447	0.15163702126359765	1.8174831923111423	0.18201430717869435	0.14253	0.750142	0	0	0.041538
c3	703	15	4	1	0	10	45	7	1	0	37	2.41809098056853	0.1771370611706865	1.404505841608925	0.16766640894792695	1.5455211836718512	0.9389788549302808	0	0	1.9201439106857197	0.18422702680454683	1.1012886821902408	0.17581968133861237	0.113855	0.0	1.0	0	0.108243
c3	736	34	9	2	0	24	174	30	4	0	141	2.6373294503933105	0.12150028590689008	1.9526601613202617	0.16069372485467692	1.2710802970962687	0.6893104634136592	0	0	2.1355774981658056	0.13481493610920198	1.698987332631028	0.14184610585425192	0.18836	0.536358	0.250202	0	0.115588
c3	750	25	6	3	1	18	66	14	4	2	48	3.0477854800160182	0.10009607432882199	1.834696791494871	0.22140986879489327	2.0418783059301617	0.6409946331984806	0.8246320887281454	0.7931359983775434	2.7268998198600305	0.1510021304938354	2.576708030091798	0.1560825953455253	0.187611	0.333623	0.500298	1.0	0.12425900000000001
c3	766	40	9	3	0	30	96	25	7	0	66	3.679513610804639	0.09620612101285565	2.1039214089725493	0.0758536341105566	1.4484402587468717	0.4841977833260011	0	0	3.348012176418525	0.11925116932307518	3.068465950370808	0.10996623867157133	0.201866	0.333633	0.428179	0	0.154186
c3	777	27	9	5	1	16	122	30	21	15	72	2.9323000245230815	0.07790761849434077	1.9502626877275147	0.1434582361684943	1.1844210021493757	0.284465395042721	0.07670427540289942	0.13742967955156513	2.407228204526767	0.12295358438035665	2.3340490645800394	0.11737697146455535	0.184137	0.31797000000000003	0.190061	0.132921	0.139087
c3	792	64	16	5	1	47	244	93	14	2	147	3.6114314839022326	0.07067153797526861	1.8276495798013743	0.14242511186758472	1.6261855906053149	0.3572796793445656	0.8991889649207245	0.886734275407267	3.6823899967225544	0.09058563574224623	2.8184967718652905	0.11754047083854313	0.311755	0.477273	0.428291	0.0	0.206847
c3	802	50	15	5	3	34	174	52	14	5	117	3.6814152974271264	0.08609514786496292	2.603999184310738	0.13555284127896747	1.599946028297025	0.36427625287672477	1.73391376856599	0.6172289416474132	3.217356115166001	0.10396161120466053	3.056697582507433	0.09490600137832995	0.260138	0.392138	0.215136	0.400361	0.196407
c3	822	35	10	3	1	24	131	49	11	4	79	3.35153427936615	0.10769918868398126	2.0840124903233086	0.14075041782175263	1.3174024909129036	0.3007614528749726	0.3566044867933814	0.47024341180068996	2.9880134234932703	0.14556082109283414	2.7147043501524943	0.12687854743228077	0.29157299999999997	0.425008	0.45443100000000003	0.249761	0.194809
c3	832	48	15	3	1	33	179	75	8	2	103	3.386084391160091	0.09926228742966492	2.097295340029697	0.13653167486509607	1.3186390190650576	0.44318935818076644	0.863427633790473	0.840530691425918	3.1313308334152548	0.13615922709480027	2.6228123506084824	0.11065959097923375	0.217049	0.305546	0.249104	0.500615	0.147618
c3	845	2	1	0	0	1	5	4	0	0	1	0.5307525444735296	0.1661873959558738	0.0	0.0	0	0	0	0	0	0	0.5307525444735296	0.1661873959558738	0.20005900000000001	0.250124	0	0	0.0
c3	846	65	14	6	3	46	337	106	9	4	224	3.5829813631342513	0.07653296563031799	1.995790039541665	0.10921794382493206	2.6701492044969037	0.5953055694401557	2.218981949061396	0.7711354025837213	3.289223489720114	0.09328702624598254	2.9177494215347664	0.07747781867408622	0.307592	0.42869	0.333686	0.250209	0.248233
c3	859	57	11	3	0	44	192	64	6	0	122	3.780462929511928	0.09359414938903984	2.0584225739999233	0.12160276293036787	1.5410717034002244	0.6097358412540343	0	0	3.625228002308284	0.12012919740862446	2.9534451086365223	0.11674612788021589	0.203818	0.29600899999999997	0.333545	0	0.147622
c3	873	54	17	3	1	37	219	95	5	2	122	3.5614511363869368	0.08785380853851622	2.149315267762586	0.13921044131417393	1.9177945856901162	0.7051123223801635	0.9238539479654889	0.9203487698624416	3.3985463503525075	0.09312454859025711	2.782513994503964	0.10829656678919686	0.328241	0.474182	0.399031	0.499354	0.212872
c3	888	56	16	4	1	40	192	43	7	2	143	3.6059992135209007	0.09801566743078405	2.6261116190715574	0.1600653103443635	2.0933988456641783	0.5747775394925998	0.9173066872486756	0.9112670910467984	3.160178791292873	0.12047425073072997	2.9884557678901165	0.12367555064523444	0.322706	0.558446	0.857911	0.499942	0.230619
c3	905	61	15	4	1	46	300	99	17	2	192	3.6949846375288797	0.06605454819072264	2.254833521798518	0.10850710540557001	1.3536504144236337	0.2605791540853207	0.8698781707187179	0.8486699199851178	3.441251350489801	0.0839407057856743	2.8542857560682897	0.0683118382996543	0.318603	0.443554	0.235469	1.0	0.25372300000000003
c3	938	74	24	8	4	48	247	85	17	8	149	4.13483018636615	0.06425083036737124	2.967474550128913	0.10387140550515558	2.505429588943806	0.32976868388676445	1.8514741225653413	0.49457216539144144	3.6922094520033544	0.0807219474422582	3.58125732726407	0.08443875737339808	0.342226	0.5329940000000001	0.35307299999999997	0.624727	0.233092
c3	950	63	21	5	3	40	255	122	9	5	128	3.687995032807605	0.08662971198599712	2.3204984147477177	0.12621475532451243	2.225919067964624	0.5130088554796141	1.8978305567778073	0.681257829216645	3.5138639377792966	0.0987340202514771	3.037123370736816	0.10325739254859255	0.432111	0.572858	0.444752	0.800041	0.293927
c3	964	80	18	6	1	61	354	64	23	3	272	3.728078572615788	0.08044796844529277	2.6044902961496437	0.09410608520778964	1.8736718166361455	0.22584492515621654	0.5131320535924734	0.611195929049862	3.29910562322935	0.09987918622804147	2.824660047719227	0.10586730698811934	0.268923	0.386151	0.216299	0.334088	0.24816
c3	980	78	22	6	2	55	324	77	16	3	237	4.033388672765592	0.06042934328242798	2.868114680591088	0.1295000822781495	1.9617659181634322	0.32502754286532254	1.7688310190391436	0.9132673623802988	3.6795901254394208	0.07474126547654317	3.4719382264319996	0.085534231858598	0.267647	0.377099	0.375626	0.332774	0.230156
c3	994	63	21	5	1	40	267	102	11	1	157	3.4814982844727798	0.08370865190185792	2.351874700669025	0.11540086549827303	1.824871657984611	0.4354398831478592	1.7776739557897383	1.0666576375278904	3.053528995535606	0.11666545632312329	2.716144365254445	0.09604813039980642	0.152119	0.252834	0.181733	0.0	0.090011
c4	241	0	0	0	0	0	0	0	0	0	0	0	0	0	0	0	0	0	0	0	0	0	0	0	0	0	0	0
c4	280	0	0	0	0	0	0	0	0	0	0	0	0	0	0	0	0	0	0	0	0	0	0	0	0	0	0	0
c4	296	0	0	0	0	0	0	0	0	0	0	0	0	0	0	0	0	0	0	0	0	0	0	0	0	0	0	0
c4	312	0	0	0	0	0	0	0	0	0	0	0	0	0	0	0	0	0	0	0	0	0	0	0	0	0	0	0
c4	328	0	0	0	0	0	0	0	0	0	0	0	0	0	0	0	0	0	0	0	0	0	0	0	0	0	0	0
c4	337	1	1	0	0	0	4	4	0	0	0	0.0	0.0	0.0	0.0	0.0	0.0	0.0	0.0	0	0	0.0	0.0	0.0	0.0	0	0	0
c4	353	0	0	0	0	0	0	0	0	0	0	0	0	0	0	0	0	0	0	0	0	0	0	0	0	0	0	0
c4	373	1	0	0	0	1	1	0	0	0	1	0	0	0	0	0	0	0	0	0	0	0	0	0.0	0	0	0	0.0
c4	390	1	1	0	0	0	1	1	0	0	0	0	0	0	0	0	0	0	0	0	0	0	0	0.0	0.0	0	0	0
c4	405	0	0	0	0	0	0	0	0	0	0	0	0	0	0	0	0	0	0	0	0	0	0	0	0	0	0	0
c4	417	1	1	0	0	0	2	2	0	0	0	0.0	0.0	0.0	0.0	0.0	0.0	0.0	0.0	0	0	0.0	0.0	0.0	0.0	0	0	0
c4	431	3	1	0	0	2	3	1	0	0	2	0.9775889182683151	0.1309152790730794	0	0	0	0	0	0	0.5888857369573726	0.13445048199419285	0.5888857369573726	0.13445048199419285	0.0	0.0	0	0	0.0
c4	447	1	0	0	0	1	1	0	0	0	1	0	0	0	0	0	0	0	0	0	0	0	0	0.0	0	0	0	0.0
c4	469	11	4	0	0	7	23	8	0	0	15	2.511726362725259	0.15232519894997695	1.3765791380370727	0.2966011103186231	0	0	0	0	1.8619018562035885	0.07719928976062898	1.8704419415732396	0.24390150284732495	0.043699	0.125287	0	0	0.0
c4	483	6	1	0	0	5	23	4	0	0	19	1.6246926925216463	0.10760726969997036	0.0	0.0	0	0	0.0	0.0	1.3966569364131385	0.13010407189539797	0.0	0.0	0.086673	0.250277	0	0	0.052696
c4	496	6	1	0	0	5	13	1	0	0	12	1.9401046895970295	0.2308460979705162	0	0	0	0	0	0	1.6627107957178058	0.1780974471620095	0.9775889182683151	0.1309152790730794	0.076366	0.0	0	0	0.083046
c4	509	17	1	2	1	14	24	1	2	1	21	3.3063167902884047	0.1555777817120926	0	0	2.063523162109797	0.7526127764103719	0.693147180382591	0.47365214773814207	3.0035084630250073	0.15436741795308456	1.2677041320252525	0.11961431162023861	0.082974	0.0	0.0	0.0	0.095118
c4	523	14	5	2	0	7	39	8	4	0	27	2.5826169025467514	0.16938312008602352	1.7872689437219038	0.21331594811951443	1.2003651356506018	0.6098706633407387	0	0	1.8041671601254525	0.1795588300379624	1.404505841608925	0.16766640894792695	0.05246	0.143198	0.0	0	0.036887
c4	537	12	4	2	0	7	21	6	2	0	13	2.650757279558856	0.21474497675729978	1.4311351488936048	0.15526040241675884	1.881512595916826	0.6687319561528565	0	0	1.9826456487789486	0.31881303760481505	1.550223096291509	0.20151805156595123	0.095247	0.0	0.0	0	0.154355
c4	553	12	1	1	1	10	46	2	6	6	38	2.1843109564755534	0.15432665110257301	0.0	0.0	0.2080883250266992	0.3054532076535223	0.1931114176325473	0.2817498691572148	1.9430894099617102	0.18153507123440335	1.5675009631614298	0.2007455872769966	0.130964	0.0	0.0	0.0	0.158178
c4	565	10	3	2	1	5	20	5	5	4	10	2.514258414502247	0.22140346362549893	1.110912056039348	0.21763716644860603	0.956903315496026	0.49792379692131555	0.31984346236569483	0.4118966551337233	1.6913401385269837	0.2295202426700164	1.9172488648369366	0.22957454115355666	0.050179	0.199516	0.0	0.0	0.0
c4	580	24	7	2	0	16	54	16	2	0	36	3.2524021722870446	0.158160912855833	2.0357892972724323	0.23691553489337586	2.3722576097960473	0.8987818530466507	0	0	2.784334078851611	0.17898084387479368	2.992934900682436	0.172529124343267	0.038362	0.133208	0.0	0	0.0
c4	594	23	9	1	0	14	78	27	1	0	51	2.8372074551341213	0.08983768214922759	2.087569627616353	0.0823089650597342	1.5455211836718512	0.9389788549302808	0	0	2.208274339125292	0.12829195426916534	2.5491938828856675	0.06881232246846275	0.129681	0.148784	1.0	0	0.120367
c4	608	39	11	2	0	27	83	30	2	0	52	3.7186690820891344	0.13707771493219492	2.2739496485609583	0.16909225573810277	2.6869357462432277	1.0522896679362046	0	0	3.4307029326203535	0.17998509912693283	3.1440964767691466	0.16516554198720818	0.059886	0.100271	0.0	0	0.038377
c4	621	20	4	0	0	16	47	15	0	0	32	2.928758934284746	0.1676248417668627	1.0172402565227354	0.24703522859191968	0	0	0	0	2.8702110217394616	0.18636772231054063	2.232514617283557	0.19918027586314568	0.063821	0.133786	0	0	0.030969
c4	626	34	10	1	0	23	64	23	1	0	40	3.840744947364076	0.13692771477583776	2.38257100470509	0.21427184819645131	2.171902530929625	1.2852571256025191	0	0	3.463714416248501	0.11593199306840829	2.9818442124330127	0.1429236606764597	0.016046	0.0	0.0	0	0.026279
c4	649	38	8	5	1	25	118	31	6	2	81	3.4415148891150205	0.11185484703390536	1.6882335872999483	0.15195547639783683	3.0097246482320474	0.7108124730044019	0.8812036486946908	0.8631596449042742	3.0481767394974013	0.13345426940173055	2.781485608966633	0.17672493376292062	0.071476	0.120311	0.166708	0.0	0.0494
c4	663	56	11	7	0	42	150	50	20	0	87	3.996010756477446	0.09371332003429168	2.1235588589816206	0.10045942464818367	2.0354226831199607	0.2865461930848501	0	0	3.944649084668547	0.12529349803247347	3.174867409941968	0.15281163478366144	0.2464	0.340224	0.349396	0	0.162797
c6	1008	69	14	8	1	53	368	88	21	1	260	3.7275001270474233	0.05563413702044548	1.9873741128972502	0.12728020380365881	2.0615091003191575	0.3103260070483292	2.0871934843607605	1.2380982917381798	3.492820451727071	0.05962681652172648	3.0810895166994134	0.08546602535527242	0.25330600000000003	0.40869	0.38166300000000003	0.0	0.188207
c6	1039	32	9	0	0	23	170	66	0	0	104	2.9040971229171326	0.08611073744129466	1.5723164991645542	0.12205685827008624	0	0	0	0	2.6619370305687595	0.11735852781776167	2.426745728145739	0.11556940137148405	0.267667	0.470176	0	0	0.137331
c6	1058	62	18	6	2	42	325	108	29	3	189	3.594883760296965	0.07381438638268917	2.4396490562184603	0.10852311091660694	1.057883804714307	0.2735075789185525	1.8000638065114154	0.947260836817757	3.1850298609781325	0.10268727392903212	3.0199544709607875	0.09527389476355999	0.247329	0.373392	0.240936	0.0	0.175229
c6	1071	61	20	2	2	40	321	83	7	7	231	3.5204550500773126	0.0764397388305234	2.618976989010559	0.13146938101851596	0.7530547875677203	0.44039300159552586	0.7485188653329167	0.43491570907044746	3.010609175627638	0.0915001439555579	2.9554118796248763	0.09234437423683689	0.37238	0.620794	0.856599	0.857333	0.272166
c6	1084	50	9	3	1	40	202	57	4	2	141	3.479874253745168	0.07778710860179384	1.9249116739225243	0.0905073048854953	2.2491679098249953	0.7954086159497774	0.8563391028185857	0.8316767459993657	3.2410573002633125	0.10915062793973075	2.8619188625129595	0.09446641874279593	0.222544	0.350793	0.250386	0.0	0.17011
c6	1109	61	15	6	3	43	259	69	7	3	184	3.682451401373769	0.07871167417848972	2.5196729505294115	0.1030614687705457	3.2795020973466715	0.6673744139318221	3.023624669776898	0.8851684174154058	3.2265567281398413	0.09244796516753517	3.4082754026209963	0.09752069103489226	0.217361	0.343734	0.28617	0.33281	0.169703
c6	242	1	1	0	0	0	1	1	0	0	0	0	0	0	0	0	0	0	0	0	0	0	0	0.0	0.0	0	0	0
c6	257	0	0	0	0	0	0	0	0	0	0	0	0	0	0	0	0	0	0	0	0	0	0	0	0	0	0	0
c6	273	1	1	0	0	0	1	1	0	0	0	0	0	0	0	0	0	0	0	0	0	0	0	0.0	0.0	0	0	0
c6	286	0	0	0	0	0	0	0	0	0	0	0	0	0	0	0	0	0	0	0	0	0	0	0	0	0	0	0
c6	301	0	0	0	0	0	0	0	0	0	0	0	0	0	0	0	0	0	0	0	0	0	0	0	0	0	0	0
c6	316	0	0	0	0	0	0	0	0	0	0	0	0	0	0	0	0	0	0	0	0	0	0	0	0	0	0	0
c6	334	2	1	0	0	1	4	3	0	0	1	0.563387815121764	0.15196743683362013	0.0	0.0	0.0	0.0	0.0	0.0	0	0	0.0	0.0	0.0	0.0	0	0	0.0
c6	356	0	0	0	0	0	0	0	0	0	0	0	0	0	0	0	0	0	0	0	0	0	0	0	0	0	0	0
c6	388	0	0	0	0	0	0	0	0	0	0	0	0	0	0	0	0	0	0	0	0	0	0	0	0	0	0	0
c6	410	0	0	0	0	0	0	0	0	0	0	0	0	0	0	0	0	0	0	0	0	0	0	0	0	0	0	0
c6	425	0	0	0	0	0	0	0	0	0	0	0	0	0	0	0	0	0	0	0	0	0	0	0	0	0	0	0
c6	459	2	0	0	0	2	2	0	0	0	2	0.5888857369573726	0.13445048199419285	0	0	0	0	0	0	0.5888857369573726	0.13445048199419285	0	0	0.0	0	0	0	0.0
c6	537	0	0	0	0	0	0	0	0	0	0	0	0	0	0	0	0	0	0	0	0	0	0	0	0	0	0	0
c6	549	0	0	0	0	0	0	0	0	0	0	0	0	0	0	0	0	0	0	0	0	0	0	0	0	0	0	0
c6	578	4	1	0	0	3	26	1	0	0	25	0.6098654905104416	0.22022728266345026	0	0	0	0	0	0	0.42692271204631393	0.19212362429283816	0.5888857369573726	0.13445048199419285	0.0	0.0	0	0	0.0
c6	599	0	0	0	0	0	0	0	0	0	0	0	0	0	0	0	0	0	0	0	0	0	0	0	0	0	0	0
c6	621	0	0	0	0	0	0	0	0	0	0	0	0	0	0	0	0	0	0	0	0	0	0	0	0	0	0	0
c6	640	7	1	0	0	6	13	1	0	0	12	2.121893160299662	0.21570397354463725	0	0	0	0	0	0	1.8924220036201735	0.19471105753443374	1.2677041320252525	0.11961431162023861	0.083398	0.0	0	0	0.091059
c6	657	4	1	0	0	3	4	1	0	0	3	1.2677041320252525	0.11961431162023861	0	0	0	0	0	0	0.9775889182683151	0.1309152790730794	0.9775889182683151	0.1309152790730794	0.0	0.0	0	0	0.0
c6	671	12	2	0	0	10	50	4	0	0	46	2.069658410681833	0.17047135730036309	0.563387815121764	0.15196743683362013	0	0	0	0	1.8511575538370102	0.16781872009726725	2.121893160299662	0.21570397354463725	0.120031	0.0	0	0	0.130601
c6	691	0	0	0	0	0	0	0	0	0	0	0	0	0	0	0	0	0	0	0	0	0	0	0	0	0	0	0
c6	717	17	5	0	0	12	64	10	0	0	54	2.628945665773156	0.13020941961242744	1.640383126371418	0.2463545898355797	0	0	0	0	2.2740380509536418	0.13290181887978778	2.3738631821646563	0.15602450318613453	0.06272900000000001	0.199556	0	0	0.036878
c6	767	0	0	0	0	0	0	0	0	0	0	0	0	0	0	0	0	0	0	0	0	0	0	0	0	0	0	0
c6	785	15	5	0	0	10	65	16	0	0	49	2.2916612348440504	0.15437656975463881	1.5972021605363533	0.19154633966274068	0	0	0	0	1.7515286728281831	0.17906229898948722	1.908923842812902	0.16053218132818364	0.168879	0.186778	0	0	0.163572
c6	798	19	4	0	0	15	74	31	0	0	43	2.6405747104655983	0.13218872843840404	1.1525411077071943	0.10364659564963459	0	0	0	0	2.5123612510262894	0.1807351858793624	1.814044734781362	0.12924427499346697	0.270085	0.450831	0	0	0.139165
c6	812	21	6	1	1	14	48	15	1	1	32	3.155503894470899	0.12398022310614128	1.715869827672133	0.07106477930530836	1.6661021965843084	1.0052008261368464	1.472219453352393	0.8988167868931399	2.698886531709889	0.16284607473102433	2.561150469309491	0.15133605435011802	0.22887	0.0	0.0	0.0	0.344411
c6	826	24	7	2	1	16	141	39	3	1	100	2.567850019979636	0.09099703873247623	1.5512628367167889	0.1330458978296988	1.5282483486790663	0.6902794624869741	1.282474657192594	0.7951437744095182	2.0767594142108274	0.11744687113667987	1.8069500987748663	0.12164169719441977	0.304595	0.63961	0.333949	1.0	0.190251
c6	840	20	4	1	0	16	75	12	1	0	62	2.5725249936608092	0.13301645392178799	1.254943248330164	0.23163026057626587	1.5890268863223804	0.9628487899259336	0	0	2.2728059324628114	0.1541781881045967	1.8319610938638349	0.20518508632638324	0.14644	0.250186	1.0	0	0.112922
c6	853	30	9	2	0	20	129	28	2	0	100	2.9762328805204374	0.11359207705098155	2.1893894656722273	0.17513877897385624	2.4193336322647703	0.9214705508187474	0	0	2.462508430394917	0.12423907246538321	2.7311825034832875	0.11173535841703737	0.196924	0.221583	0.0	0	0.19239
c6	867	45	11	4	2	33	292	64	10	4	221	3.002281631193703	0.0767170517750088	2.1462445710113136	0.10371922725718279	1.5844643273764385	0.3926896008224448	1.208075646813044	0.6179848321622143	2.4938907555998755	0.09444611509432324	2.2990589454543757	0.0909403411835935	0.247491	0.359759	0.900293	1.0	0.195761
c6	881	35	8	1	0	26	315	86	1	0	228	2.780724364360652	0.06874921107966185	1.0965065955082993	0.13474083240042503	1.716993536653372	1.03321093489974	0	0	2.5931814151550525	0.07912373641879315	1.9453500567647541	0.07516362353982955	0.333754	0.564152	0.0	0	0.246662
c6	895	23	5	2	0	17	108	23	3	0	84	2.6039177448347246	0.11763621671425757	1.4015653752363166	0.11564481720326975	1.602220651088473	0.7530241960696815	0	0	2.1916113987614265	0.13621440466673454	1.9767654591564978	0.1563439367927471	0.138903	0.26093900000000003	0.0	0	0.107448
c6	912	31	8	0	0	23	99	19	0	0	80	3.1825913510588357	0.10294135416953158	2.002751263880292	0.0693203155409609	0	0	0	0	2.8184208139205302	0.1300754093277078	2.6628134031648374	0.11575027928335536	0.202289	0.316572	0	0	0.175121
c6	940	34	10	5	1	23	232	61	13	1	159	3.136008337242912	0.07209738647346658	2.0947775097732744	0.12127646078479032	1.6073864309672627	0.3922702001059581	1.9756217418715813	1.1761392224946752	2.63760081486523	0.08394306028847084	2.695265167725119	0.08978154520742604	0.327436	0.491799	0.537809	1.0	0.251976
c6	954	33	8	4	1	24	131	64	6	1	64	3.1520318297533185	0.10827788307598316	1.6742555196177178	0.11810659620699168	2.228084106741026	0.6696911313057697	1.8187929599299903	1.089352720063894	3.1629847888531053	0.14132508632747207	2.3969652667330417	0.12259356125249565	0.381734	0.500064	0.667118	0.0	0.26587500000000003
c6	974	43	14	1	0	29	190	80	4	0	110	3.394619171717444	0.08343836073254113	2.1984685562854844	0.11924326686357367	0.36042150957400304	0.47694310945486806	0	0	3.0801035553668963	0.1078472230963989	2.895244295871732	0.09201415550376499	0.332116	0.513473	0.0	0	0.201901
c6	989	37	9	3	0	28	213	83	12	0	125	3.1654041793629966	0.06096494463732511	1.765321400315452	0.08531252331342581	1.120735654027609	0.2973906897517544	0	0	2.9354639924503747	0.0777662682289037	2.597303293680371	0.08255830834972416	0.30111	0.424325	0.417024	0	0.204977
c7	1011	68	16	9	1	49	264	68	20	1	182	4.003717349660909	0.07906751845824357	2.5987872674819488	0.08284801975337584	2.59243413407324	0.3000759090111912	2.138332955587817	1.2665563625036425	3.600940033237706	0.0973480071886296	3.373334691058988	0.09086716629133804	0.236171	0.36877	0.399552	1.0	0.173217
c7	1025	68	20	4	1	46	394	139	12	5	249	3.6129495924021517	0.05448432827028523	2.1873682008137196	0.10794677764525078	1.527469528672451	0.3430383274872091	0.2680272024272117	0.3764637980897908	3.3571585354858833	0.0609117818633685	2.8828871812264687	0.06972350919056594	0.32551	0.390833	0.33308	0.0	0.283341
c7	1041	71	21	8	4	47	310	129	11	4	174	3.693008527192962	0.0817088772160613	2.191691632228987	0.12726931021074997	3.073826332808003	0.5752324304135538	3.31439561856636	0.7787565018149625	3.5017854562499386	0.08978560574386116	2.9009268020683265	0.09585749948047068	0.270128	0.37642	0.362742	0.250413	0.188727
c7	1055	44	11	3	0	30	134	40	3	0	91	3.5329518218363765	0.11375596278696819	1.9270256289191285	0.1968670523899382	3.12186615379624	0.9288751265610599	0	0	3.2118805273876743	0.12803977042406378	2.6126122382210992	0.12543905336074207	0.29793	0.275244	0.333442	0	0.308139
c7	1085	62	13	7	3	46	287	74	29	10	193	3.7483326217699013	0.07665342572063776	1.9555389599310684	0.15109180122268057	1.706981027416648	0.23869008607454786	1.1222255749375336	0.38336035380571426	3.531427757213656	0.08713459134961683	3.063954077617822	0.08909712429842713	0.239641	0.294146	0.482712	0.600896	0.196831
c7	1115	72	21	4	1	50	256	65	8	1	188	3.9464987537940868	0.06357526304986603	2.9015144619223645	0.06982355959370733	1.827743142715766	0.5127649818918567	2.138332955587817	1.2665563625036425	3.5235374541867714	0.09070451390820641	3.4158735810793113	0.09708016135916864	0.285841	0.408533	0.250587	0.0	0.257884
c7	270	0	0	0	0	0	0	0	0	0	0	0	0	0	0	0	0	0	0	0	0	0	0	0	0	0	0	0
c7	298	1	0	0	0	1	1	0	0	0	1	0	0	0	0	0	0	0	0	0	0	0	0	0.0	0	0	0	0.0
c7	324	2	1	0	0	1	6	3	0	0	3	0.6430943362896422	0.0701127663294426	0.0	0.0	0.0	0.0	0.0	0.0	0.0	0.0	0.0	0.0	0.0	0.0	0	0	0.0
c7	343	0	0	0	0	0	0	0	0	0	0	0	0	0	0	0	0	0	0	0	0	0	0	0	0	0	0	0
c7	358	2	1	0	0	1	4	1	0	0	3	0.563387815121764	0.15196743683362013	0	0	0	0	0	0	0.0	0.0	0	0	0.250025	0.0	0	0	0.33225
c7	375	0	0	0	0	0	0	0	0	0	0	0	0	0	0	0	0	0	0	0	0	0	0	0	0	0	0	0
c7	390	0	0	0	0	0	0	0	0	0	0	0	0	0	0	0	0	0	0	0	0	0	0	0	0	0	0	0
c7	405	0	0	0	0	0	0	0	0	0	0	0	0	0	0	0	0	0	0	0	0	0	0	0	0	0	0	0
c7	420	1	1	0	0	0	1	1	0	0	0	0	0	0	0	0	0	0	0	0	0	0	0	0.0	0.0	0	0	0
c7	432	0	0	0	0	0	0	0	0	0	0	0	0	0	0	0	0	0	0	0	0	0	0	0	0	0	0	0
c7	459	0	0	0	0	0	0	0	0	0	0	0	0	0	0	0	0	0	0	0	0	0	0	0	0	0	0	0
c7	487	4	1	1	1	2	4	1	1	1	2	1.2677041320252525	0.11961431162023861	0	0	0.693147180382591	0.47365214773814207	0.34657359265157284	0.2794056366651523	0.5888857369573726	0.13445048199419285	0.5888857369573726	0.13445048199419285	0.499512	0.0	1.0	1.0	0.499974
c7	502	0	0	0	0	0	0	0	0	0	0	0	0	0	0	0	0	0	0	0	0	0	0	0	0	0	0	0
c7	521	3	1	0	0	2	4	1	0	0	3	0.977588918268315	0.1309152789750405	0	0	0	0	0	0	0.5888857369573746	0.13445048153381714	0	0	0.0	0.0	0	0	0.0
c7	548	4	0	0	0	4	12	0	0	0	12	1.3013106911255143	0.21769478801325404	0	0	0	0	0	0	1.3013106911255143	0.21769478801325404	0	0	0.0	0	0	0	0.0
c7	562	10	4	1	1	6	31	10	2	2	21	2.2823143539855493	0.16877831353557032	1.3697756559861776	0.2255832899045708	0.7643159160522602	0.7238922885229964	0.7125319930209865	0.667907739470445	1.7161843897765683	0.17528994224653696	1.8090260179918551	0.22167874801880466	0.096561	0.199632	0.0	0.0	0.047808
c7	577	13	3	0	0	10	50	9	0	0	41	2.4689069789136213	0.06325175753185983	0.8873022928643648	0.28808047455639674	0	0	0	0	2.235151590443042	0.05356891247706575	1.233233110018213	0.2513794160246143	0.039852	0.222817	0	0	0.0
c7	617	17	3	1	0	13	52	10	5	0	37	2.710634641330835	0.1570523942848387	0.8262585503652706	0.2813029040933583	0.267204255371258	0.37506343866755504	0	0	2.43908403703459	0.1826328935634566	2.0629668329634354	0.2540184040662117	0.095826	0.199506	0.199877	0	0.054353
c7	631	9	2	0	0	7	33	3	0	0	30	1.81345272759231	0.14229430759469952	0.5888857369573746	0.13445048153381714	0	0	0	0	1.5630704415880476	0.14371812370733034	0.9294665823582453	0.1868948981569376	0.090967	0.667011	0	0	0.033217
c7	665	28	10	3	1	17	105	31	13	1	68	3.1413622478247065	0.10801492412560809	2.136501587977076	0.18696805893975746	1.125051982754684	0.27600842749005233	1.683647854113643	1.0148536113210678	2.605896586482529	0.13099334886876704	2.476947382465452	0.1817445563568122	0.06753	0.066361	0.38495	0.0	0.014505
c7	686	42	6	2	0	35	172	31	6	0	135	3.413772836333869	0.09639771008181343	1.397087586371545	0.16920352934514477	1.0190554623830304	0.4548110448215918	0	0	3.2338519168006465	0.11226276338515069	2.674468140399618	0.12490135234437619	0.107894	0.10788	0.166426	0	0.105202
c7	708	37	12	3	0	25	137	61	10	0	73	3.344656705319361	0.09054581297484138	2.131455618396159	0.114670171853588	1.1145102353263707	0.37541457618921403	0	0	3.084098405490022	0.13304159734712065	2.641708272056439	0.1047206989620268	0.156457	0.196838	0.0	0	0.12823400000000001
c7	713	58	15	5	0	42	404	80	19	0	306	3.6136612297264934	0.059899170668406526	2.3964733957122895	0.12099788987359736	1.5402838301515038	0.2764634112048885	0	0	3.2546465088783436	0.06977514347406165	2.9299409797499796	0.09267387967672625	0.148065	0.329498	0.157798	0	0.105502
c7	740	54	15	3	2	38	229	63	11	2	155	3.569920000747226	0.05998791885549224	2.358701721532715	0.10668983757850266	1.1957217744395974	0.3144903238360023	2.181623962527506	0.8079712360602731	3.210221627362096	0.09714639464583588	3.0570682228696384	0.08343542794771802	0.13069	0.166362	0.45417	0.0	0.093939
c7	761	36	8	1	0	28	312	46	4	0	262	2.8823548732795508	0.06519796416403731	1.8549412954083897	0.09154500308107862	0.34987201224509956	0.4588371428792894	0	0	2.5348597957089174	0.07255495662045063	2.385516130520672	0.0714889341752528	0.159971	0.217472	0.0	0	0.153082
c7	775	65	16	3	0	48	330	56	4	0	271	3.6956112195861257	0.059242758770879915	2.592988403676538	0.14844478278514736	2.253048713591323	0.7985804029041943	0	0	3.350201387689766	0.06488203069736044	3.0842083767076995	0.08900724780100783	0.214831	0.314585	0.250243	0	0.195812
c7	795	63	20	4	1	43	359	125	14	4	224	3.5831101672403123	0.0652405266815492	2.5143372309532754	0.09591607986327916	1.4424431451943698	0.30533463623209744	0.3596028973724703	0.47548938358231296	3.1155927625203494	0.0866029053549995	2.876453078060656	0.09006180431338319	0.173178	0.313621	0.071387	0.249869	0.101205
c7	816	56	12	2	1	44	241	79	6	5	161	3.639970553233436	0.07276635582280344	2.1333400738448605	0.08659131445941969	0.8610484475493789	0.49120296348992837	0.27057139626476145	0.3808437205014223	3.431229826803547	0.09723560196199207	2.992023978548051	0.09083985163012295	0.16334100000000001	0.288656	0.499751	0.600286	0.107995
c7	829	45	15	6	3	27	176	68	10	3	100	3.5379690539110165	0.07693644607693198	2.5135780112108015	0.0752275780993004	2.3759997044312504	0.4827399516709144	2.3530654622757985	0.6026086033387228	2.9800979681680997	0.1136798693111819	2.8714985259672035	0.08978522168368026	0.128037	0.199959	0.099967	0.0	0.080825
c7	843	55	12	4	0	42	235	33	8	0	199	3.5623307857421307	0.08724725238876889	2.377922874145358	0.1968537864619954	1.7264818873320706	0.5441023336874163	0	0	3.2394329404958553	0.09045538759709044	2.73954235808879	0.12981571465248248	0.120846	0.356926	0.37561	0	0.083289
c7	857	60	16	5	1	42	257	92	11	2	157	3.5831332750484437	0.06259318222349146	2.301144266275078	0.09385334483182962	1.9682396422997193	0.4075063328700882	0.8525222259698786	0.8269471134673725	3.286626864302711	0.10601232150873838	2.775234660757799	0.08825701863923821	0.28096	0.363894	0.454636	0.500683	0.223299
c7	872	73	20	4	0	53	415	75	19	0	327	3.6065596106935702	0.06909555074443945	2.5792193569875925	0.14751166303647867	1.3726446856069425	0.23569494811340846	0	0	3.2436509058394813	0.07718250134975327	2.974003961232647	0.09853279724119923	0.230685	0.438076	0.630918	0	0.170881
c7	886	57	14	3	2	42	303	84	10	2	209	3.521572430103815	0.07723660706284119	2.1633696259143473	0.11817447212852834	0.9837348408180956	0.4110520431429088	2.614558082075594	1.0166085306705246	3.1874846555463354	0.09721927674041321	2.7887238572777235	0.10161954034358572	0.220465	0.368551	0.499178	0.500315	0.153333
c7	915	39	8	0	0	31	133	34	0	0	99	3.358449871268056	0.0937421362785854	1.5887590507811282	0.19540880335573682	0	0	0	0	3.1831009098801855	0.09740579013690794	2.6406313301407227	0.11053453170066281	0.181973	0.344202	0	0	0.127626
c7	927	46	16	3	0	29	227	91	3	0	134	3.28739453636334	0.08979033817939226	2.0989390983016545	0.13473445341137305	3.1453139180145264	0.9393868323202585	0	0	2.8981060212134726	0.10877239753707953	2.7200199264551475	0.10737734169051145	0.209258	0.291962	0.333362	0	0.145202
c7	942	53	16	5	1	35	173	33	5	1	136	3.5811442259862143	0.09649182708503831	2.7693700692672754	0.20521362162339862	3.5029802623289377	0.6806516143396676	1.7917593909085547	1.074429108269302	3.096881555790874	0.10787198086856806	3.0469946769580107	0.10838634435746845	0.183113	0.25748	0.200393	0.0	0.163809
c7	956	82	21	7	1	59	372	76	19	1	279	3.9818079543834632	0.05828707414699101	2.8461381840478484	0.12240852313932461	2.0506320588911935	0.3080381232270491	2.1313398346779735	1.262662666175261	3.633738707165623	0.07227689492690476	3.5146115068157364	0.0829851982700613	0.20475	0.279361	0.31559	0.0	0.179556
c7	970	63	16	5	2	47	425	88	7	3	333	3.3217185517683667	0.07292165286814069	2.4409844603728685	0.1034674019575142	2.7062696676132494	0.7090645636469385	1.7705370696426364	0.9150840895836306	2.8838501906797984	0.08577376432714955	3.4616858931367553	0.09362368726479346	0.176903	0.267975	0.600209	0.0	0.148939
c7	984	66	16	7	5	48	278	75	10	6	194	3.75842494162382	0.05617017083343488	2.243136932426289	0.13416088543207788	2.806740679632165	0.4991390436891403	2.8433518605211905	0.6088753816363264	3.5318206790061555	0.07959683285081233	3.351992883527492	0.08199577338088444	0.298523	0.465048	0.500707	0.667772	0.223932
c8	1013	38	15	2	0	23	145	58	3	0	86	3.1460623668571936	0.11469487554065663	2.1993090307768415	0.17105411315377106	1.7939579803899248	0.9404880433617631	0	0	2.6292226635741396	0.1483957831981621	2.5289461209494597	0.14445200531286773	0.183065	0.291644	0.0	0	0.116448
c8	1025	57	15	3	0	41	428	165	3	0	260	3.0549080326929148	0.0751075087582884	1.5294419772813308	0.11358083963464889	3.225165003544246	0.9754102729450855	0	0	2.8955530517974815	0.095460755550662	2.4242027913180477	0.08324115319304981	0.244992	0.408109	0.333277	0	0.145972
c8	1037	48	13	3	0	34	208	93	5	0	110	3.3390521679387035	0.09168180412484356	2.1149871948215853	0.10533417857409703	1.9073813589135091	0.6925020917416546	0	0	3.0340923290350905	0.13771122020042348	2.7161928249144918	0.09993177270653046	0.281475	0.45093300000000003	0.0	0	0.154358
c8	1051	38	9	3	0	28	213	71	9	0	133	3.043948058628647	0.09128240028649455	1.8789318219290534	0.10492830341315074	1.065662021593624	0.4329922502774422	0	0	2.637048721822852	0.12911900625900777	2.3753284657256186	0.1052106949402313	0.158237	0.254242	0.111192	0	0.112634
c8	1063	48	11	5	2	36	234	68	21	5	151	3.4051639768070845	0.08757065849719234	2.152558924438832	0.1172517348069454	1.594615774383262	0.23524944677563617	1.0186440304454387	0.5673315017692604	3.018041977665946	0.11705361788524617	2.6320498226767772	0.11225857404061398	0.212001	0.283211	0.38109	0.599773	0.172862
c8	1078	48	17	3	1	31	198	73	14	1	122	3.487982850188005	0.09049509587719949	2.6517467417838736	0.07081570068200504	0.9679902784373178	0.2946200542281735	1.7917593909085547	1.074429108269302	2.9093078734785385	0.13151783055904054	2.7374881730359797	0.11795316767327672	0.183898	0.344032	0.142917	1.0	0.099701
c8	1096	62	18	7	1	41	320	115	17	3	189	3.6285819624443403	0.06818910310088053	2.3450633223341413	0.10327354659651806	2.1619780056512017	0.32739712976360025	0.5190030143196366	0.6209609494452873	3.2527744956188407	0.0946480053912906	2.9969709259702837	0.08762973385376027	0.174675	0.263667	0.234878	0.667069	0.117216
c8	243	0	0	0	0	0	0	0	0	0	0	0	0	0	0	0	0	0	0	0	0	0	0	0	0	0	0	0
c8	258	0	0	0	0	0	0	0	0	0	0	0	0	0	0	0	0	0	0	0	0	0	0	0	0	0	0	0
c8	277	4	1	0	0	3	4	1	0	0	3	1.2677041320252525	0.11961431162023861	0	0	0	0	0	0	0.9775889182683151	0.1309152790730794	0.5888857369573726	0.13445048199419285	0.0	0.0	0	0	0.0
c8	297	0	0	0	0	0	0	0	0	0	0	0	0	0	0	0	0	0	0	0	0	0	0	0	0	0	0	0
c8	314	0	0	0	0	0	0	0	0	0	0	0	0	0	0	0	0	0	0	0	0	0	0	0	0	0	0	0
c8	330	1	1	0	0	0	1	1	0	0	0	0	0	0	0	0	0	0	0	0	0	0	0	0.0	0.0	0	0	0
c8	345	3	2	0	0	1	3	2	0	0	1	0.9775889182683151	0.1309152790730794	0.5888857369573726	0.13445048199419285	0	0	0	0	0	0	0.9775889182683151	0.1309152790730794	0.0	0.0	0	0	0.0
c8	370	0	0	0	0	0	0	0	0	0	0	0	0	0	0	0	0	0	0	0	0	0	0	0	0	0	0	0
c8	388	2	1	0	0	1	3	2	0	0	1	0.5888857369573746	0.13445048153381714	0.0	0.0	0.0	0.0	0.0	0.0	0	0	0.0	0.0	0.666614	0.499838	0	0	1.0
c8	415	4	3	0	0	1	5	4	0	0	1	1.550223096291509	0.20151805156595123	0.977588918268315	0.1309152789750405	0	0	0	0	0	0	1.550223096291509	0.20151805156595123	0.0	0.0	0	0	0.0
c8	432	2	1	0	0	1	5	4	0	0	1	0.5307525444735296	0.1661873959558738	0.0	0.0	0	0	0.0	0.0	0	0	0.0	0.0	0.200127	0.250516	0	0	0.0
c8	449	3	1	0	0	2	3	1	0	0	2	0.9775889182683151	0.1309152790730794	0	0	0	0	0	0	0.5888857369573726	0.13445048199419285	0.5888857369573726	0.13445048199419285	0.0	0.0	0	0	0.0
c8	465	5	1	0	0	4	6	1	0	0	5	1.8455500613421636	0.19559692996532668	0	0	0	0	0	0	1.550223096291509	0.20151805156595123	0.5888857369573726	0.13445048199419285	0.0	0.0	0	0	0.0
c8	479	5	3	0	0	2	18	16	0	0	2	1.4355765885179004	0.18764348815656479	0.9857151107375239	0.09202309643967149	0	0	0	0	0.5888857369573726	0.13445048199419285	0.9857151107375239	0.09202309643967149	0.055649	0.062736	0	0	0.0
c8	498	3	1	0	0	2	3	1	0	0	2	0.9775889182683151	0.1309152790730794	0	0	0	0	0	0	0.5888857369573726	0.13445048199419285	0	0	0.0	0.0	0	0	0.0
c8	511	3	2	0	0	1	6	5	0	0	1	1.0436266777262866	0.23876532645818935	0.5307525444735296	0.1661873959558738	0	0	0	0	0	0	0.5307525444735296	0.1661873959558738	0.0	0.0	0	0	0.0
c8	526	5	3	0	0	2	10	6	0	0	4	1.6913401385269837	0.2295202426700164	1.0436266777262866	0.23876532645818935	0	0	0	0	0.563387815121764	0.15196743683362013	1.4120712824077528	0.2518050382748602	0.0	0.0	0	0	0.0
c8	541	7	3	0	0	4	19	8	0	0	11	1.9550207078586899	0.18727163506813463	1.0443803417807833	0.21271809249712337	0	0	0	0	1.347959516525899	0.21764332208526757	1.0443803417807833	0.21271809249712337	0.0	0.0	0	0	0.0
c8	556	3	2	0	0	1	3	2	0	0	1	0.9775889182683151	0.1309152790730794	0.5888857369573726	0.13445048199419285	0	0	0	0	0	0	0.9775889182683151	0.1309152790730794	0.0	0.0	0	0	0.0
c8	574	10	2	0	0	8	29	11	0	0	18	2.2017505768949164	0.17063643437275927	0.410675531208016	0.2175420046798201	0	0	0	0	2.122651022110537	0.12887344161784156	1.1057337624555375	0.1604803494506723	0.034438	0.0	0	0	0.055644
c8	589	10	3	1	0	7	27	11	1	0	16	2.188489084595299	0.1864999407038852	0.7731464732675926	0.27358760466174253	1.4166066410649738	0.86839064861539	0	0	1.9214393469117326	0.16687052613922107	1.41215121476923	0.2135018925718027	0.037418	0.0	0.0	0	0.062915
c8	604	10	3	0	0	7	49	20	0	0	29	1.91481132002428	0.14816021862698436	0.7632182759732427	0.17619571144441618	0	0	0	0	1.5495213246731485	0.19620814453216898	1.366853190789426	0.2223814203262339	0.060834	0.0	0	0	0.103862
c8	618	6	2	0	0	4	9	3	0	0	6	1.9954018358693533	0.1653481122919906	0.5888857369573746	0.13445048153381714	0	0	0	0	1.4311351488936048	0.15526040241675884	0.9963429656086066	0.11063335335318521	0.0	0.0	0	0	0.0
c8	652	14	4	0	0	10	52	12	0	0	40	2.2003386845810065	0.1450196811017974	1.254943248330164	0.23163026057626587	0	0	0	0	1.753844882080153	0.16218596340091	1.9395780886799487	0.2438558594896839	0.0	0.0	0	0	0.0
c8	668	11	6	1	0	4	36	12	1	0	23	2.225450114556809	0.17105739783365911	1.787579601818823	0.25409003795920126	1.3862943333745203	0.8518215512257503	0	0	1.2309146367133872	0.1039440761650237	1.9876406226699077	0.22945313825894534	0.0	0.0	0.0	0	0.0
c8	684	14	6	0	0	8	33	9	0	0	24	2.7163082833686945	0.14466179470431725	2.021850257438286	0.2078820351012423	0	0	0	0	1.975574951468186	0.0816541090655935	2.4453075689032295	0.16419533913775303	0.060981	0.111198	0	0	0.041733
c8	697	6	3	0	0	3	10	3	0	0	7	1.895102346287155	0.2761325160766514	0.9775889182683151	0.1309152790730794	0	0	0	0	0.9726301872444891	0.25168952477667456	0.9775889182683151	0.1309152790730794	0.0	0.0	0	0	0.0
c8	711	10	3	0	0	7	20	7	0	0	13	2.407158761791157	0.21003080756532808	0.9636402074699646	0.13237600689146564	0	0	0	0	2.0354394164176624	0.27322577921319835	1.9517628055597678	0.22822737989261502	0.049615	0.142677	0	0	0.0
c8	730	16	5	0	0	11	32	12	0	0	20	2.8950859841230527	0.16936269604778717	1.4866717930988342	0.26012067465467836	0	0	0	0	2.5933243972257545	0.1753989233554099	2.2306913655505216	0.20984718707302813	0.0	0.0	0	0	0.0
c8	744	18	7	0	0	11	40	17	0	0	23	2.9163623062437485	0.1631406785525282	1.7741099825834525	0.23932851519805776	0	0	0	0	2.506672724185556	0.1903421928197997	2.4906204469522844	0.20343670125465846	0.153346	0.117373	0	0	0.181709
c8	761	20	3	0	0	17	71	7	0	0	64	2.950803062230853	0.10033590048416025	0.9636402074699646	0.13237600689146564	0	0	0	0	2.7888288150868603	0.11246206478633142	1.4783900319694032	0.10638815097376918	0.098385	0.0	0	0	0.10919
c8	775	20	6	0	0	14	44	13	0	0	31	2.9577398281687133	0.035550748783417005	1.7915770052504312	0.12355476191456463	0	0	0	0	2.5891561268992773	0.04623737386689851	2.401074786855812	0.07392911535490382	0.068209	0.076986	0	0	0.06391
c8	792	33	9	4	2	23	84	26	7	5	54	3.40149636256399	0.10955259409868894	2.0187539414143796	0.140020092024792	1.9733015316671687	0.523187913050091	1.1217082782694552	0.4813908055296602	2.9924240751984095	0.13266313963175816	2.8042343592786056	0.11201075499488031	0.373096	0.346609	0.142944	0.199377	0.396957
c8	806	33	7	3	2	26	97	23	8	6	72	3.2853371555939144	0.11485269033586896	1.7772965124803286	0.10908633596228878	1.4295581075563368	0.40988726313641133	1.0056553943722357	0.4369281143071068	3.045405241024455	0.1435237680799665	3.0289979956418	0.15536239360484097	0.155719	0.500196	0.500615	0.665711	0.055578
c8	820	23	8	3	1	14	72	23	3	1	47	2.9090396573044686	0.15117149638870567	2.0809092122078843	0.1674364301794247	2.7615895819735496	0.771355427639239	1.4451858450413075	0.8840219519318736	2.253556149595419	0.18754366649796278	2.441826537358968	0.19409694237774075	0.085008	0.090793	0.332175	1.0	0.06385
c8	835	20	6	0	0	14	47	19	0	0	28	3.037719903361602	0.1466407689836591	1.6287338363238388	0.21193087764151508	0	0	0	0	2.8086028331398665	0.16151954583996087	2.2066959050584036	0.15327950617698075	0.127469	0.210253	0	0	0.071603
c8	848	19	5	0	0	14	42	8	0	0	34	3.073565192865192	0.16849250190870443	1.7872689437219038	0.21331594811951443	0	0	0	0	2.7009883059792394	0.183046004862347	2.5809115615053244	0.20259834972721807	0.119211	0.0	0	0	0.1465
c8	863	21	6	1	0	14	124	22	1	0	101	1.914121495052171	0.14222550034119913	1.4171540901497466	0.24101219850976624	1.7328678834814655	1.0419556309258762	0	0	1.378514310180982	0.14637311456187924	1.248351559554258	0.1388704454112256	0.112855	0.363362	0.0	0	0.05917
c8	900	21	7	0	0	14	69	24	0	0	45	2.8472660070805533	0.14697594572270817	1.8534116124006244	0.18240237855977412	0	0	0	0	2.3439775008253227	0.18229335417205753	2.026198941038391	0.14803049764821552	0.116384	0.208134	0	0	0.066484
c8	919	27	8	0	0	19	109	20	0	0	89	2.6290839352963498	0.14506165617615321	2.0310402382592456	0.23907436005096133	0	0	0	0	2.1541629198483703	0.15586175224139262	1.8175091727827892	0.16148452253594936	0.181615	0.450202	0	0	0.11723
c8	933	38	15	3	1	20	131	53	4	1	74	3.232798033716634	0.10719109351554096	2.4230403738596236	0.1459935421553859	2.2236525265012794	0.7748460845870332	1.8054588756419243	1.0819904156256837	2.4685227567321215	0.14728780861221136	2.384914201530252	0.14789370376022973	0.110313	0.143201	0.0	0.0	0.09492
c8	950	39	12	1	0	27	198	72	2	0	124	3.099159922519946	0.08936425679476512	2.025866115974456	0.1163699380977182	0.9238539479654889	0.9203487698624416	0	0	2.6766161003879203	0.12312988795624026	2.4629803447787975	0.09765803622381877	0.343848	0.305682	1.0	0	0.355365
c8	961	40	13	1	0	27	179	57	1	0	121	3.142553943393985	0.0999771877180664	2.0590052153623297	0.16726866764959822	2.138332955587817	1.2665563625036425	0	0	2.7189421103108553	0.11935479698662527	2.3903509959008353	0.11617832854134141	0.203326	0.509451	0.0	0	0.06641
c8	978	39	11	1	0	27	241	121	2	0	118	2.738459582546201	0.09130314369177138	1.168278519020435	0.12406851379157717	0.8908505010446907	0.8757140479633723	0	0	2.8843350215369776	0.10599369528394001	2.0559478889315357	0.10127970861830189	0.347004	0.336099	0.0	0	0.364524
c5	1004	46	12	5	0	33	166	66	10	0	93	3.5721728479287944	0.08400428232285276	2.0782163253499903	0.10290301845283398	2.003941314498141	0.44936623874341003	0	0	3.4079723213093223	0.10618636128298528	2.8802780893067785	0.11327591656332375	0.246833	0.285522	0.500076	0	0.184348
c5	1018	44	11	4	0	30	194	58	5	0	133	3.4370303897258663	0.08173210512540278	1.9470994729673352	0.11110141431402418	2.676434129873728	0.7554227250009407	0	0	3.099928788928541	0.09921766680542365	2.866226875254961	0.08486412844260488	0.372087	0.44954700000000003	0.5997549999999999	0	0.330113
c5	1037	41	9	2	0	32	148	34	3	0	111	3.4568720263435515	0.08321980711939782	2.037375858409008	0.14034066826906022	1.728377669675185	0.8714060573885483	0	0	3.188331653847447	0.10833991144187705	2.74121953218312	0.11582322105102817	0.212406	0.382203	0.0	0	0.164898
c5	1051	51	14	7	3	33	215	74	16	5	125	3.44091016317994	0.08523864250261953	1.8867607213429534	0.16116489478296392	2.0853895403067173	0.35722004071806157	1.725543151016562	0.6098358397101815	3.1041117747623233	0.09530182602730651	2.8087139388359015	0.08743668034789787	0.26643300000000003	0.299975	0.74937	1.0	0.185599
c5	1072	33	7	3	0	23	108	35	4	0	69	3.2872668132073293	0.11828218986484973	1.444736535879126	0.1936328584069022	2.287192642222783	0.8270161656541704	0	0	3.0842928298093346	0.1349409635887594	2.5529030514345443	0.14865671585879575	0.222126	0.28524499999999997	0.0	0	0.203041
c5	1086	64	14	9	1	46	247	71	21	1	160	3.8124745110633116	0.07856625631532058	2.2079512724586627	0.13343441370130132	2.4372788122002773	0.2978369430819129	2.0036664669794035	1.191696483737845	3.488442701128306	0.09713182257316538	3.1725125159432577	0.09903974363740327	0.356481	0.501059	0.428524	1.0	0.278443
c5	1107	56	12	7	3	40	239	69	17	3	159	3.6690855988497892	0.07762380597016548	2.217201153336883	0.10790032732778791	2.015716490469642	0.3478266950014452	2.687356744488464	0.7398785162510051	3.2972770219277288	0.10117912495028686	2.958438929632003	0.09361499759218946	0.279798	0.276099	0.41188199999999997	0.666518	0.26901600000000003
c5	240	0	0	0	0	0	0	0	0	0	0	0	0	0	0	0	0	0	0	0	0	0	0	0	0	0	0	0
c5	253	0	0	0	0	0	0	0	0	0	0	0	0	0	0	0	0	0	0	0	0	0	0	0	0	0	0	0
c5	270	0	0	0	0	0	0	0	0	0	0	0	0	0	0	0	0	0	0	0	0	0	0	0	0	0	0	0
c5	289	0	0	0	0	0	0	0	0	0	0	0	0	0	0	0	0	0	0	0	0	0	0	0	0	0	0	0
c5	307	0	0	0	0	0	0	0	0	0	0	0	0	0	0	0	0	0	0	0	0	0	0	0	0	0	0	0
c5	319	0	0	0	0	0	0	0	0	0	0	0	0	0	0	0	0	0	0	0	0	0	0	0	0	0	0	0
c5	334	0	0	0	0	0	0	0	0	0	0	0	0	0	0	0	0	0	0	0	0	0	0	0	0	0	0	0
c5	349	0	0	0	0	0	0	0	0	0	0	0	0	0	0	0	0	0	0	0	0	0	0	0	0	0	0	0
c5	369	1	0	0	0	1	1	0	0	0	1	0	0	0	0	0	0	0	0	0	0	0	0	0.0	0	0	0	0.0
c5	385	4	2	0	0	2	9	3	0	0	6	1.3708865459071242	0.2400419745557249	0.5888857369573746	0.13445048153381714	0	0	0	0	0.4967751962072567	0.17507888223257984	1.0443803417807833	0.21271809249712337	0.0	0.0	0	0	0.0
c5	402	0	0	0	0	0	0	0	0	0	0	0	0	0	0	0	0	0	0	0	0	0	0	0	0	0	0	0
c5	416	2	1	0	0	1	3	2	0	0	1	0.5888857369573746	0.13445048153381714	0.0	0.0	0.0	0.0	0.0	0.0	0	0	0.0	0.0	0.0	0.0	0	0	0.0
c5	430	0	0	0	0	0	0	0	0	0	0	0	0	0	0	0	0	0	0	0	0	0	0	0	0	0	0	0
c5	446	3	1	0	0	2	11	6	0	0	5	0.9946010284540503	0.10177991504665292	0.0	0.0	0	0	0.0	0.0	0.6261553742260982	0.09167139630277346	0.0	0.0	0.181865	0.333758	0	0	0.0
c5	461	2	1	0	0	1	12	11	0	0	1	0.38517354275436566	0.20898792286110376	0.0	0.0	0.0	0.0	0.0	0.0	0	0	0.0	0.0	0.0	0.0	0	0	0.0
c5	480	5	2	0	0	3	7	4	0	0	3	1.78717970978323	0.22176178490249207	0.563387815121764	0.15196743683362013	0	0	0	0	0.9775889182683151	0.1309152790730794	0.563387815121764	0.15196743683362013	0.0	0.0	0	0	0.0
c5	496	4	2	0	0	2	10	6	0	0	4	1.3533867945319715	0.17589222120156345	0.4967751962072567	0.17507888223257984	0	0	0	0	0.6261553742260982	0.09167139631251427	0.4967751962072567	0.17507888223257984	0.100136	0.166949	0	0	0.0
c5	510	0	0	0	0	0	0	0	0	0	0	0	0	0	0	0	0	0	0	0	0	0	0	0	0	0	0	0
c5	523	2	1	0	0	1	9	4	0	0	5	0.6529462233350345	0.056988442203161314	0.0	0.0	0	0	0.0	0.0	0.0	0.0	0.0	0.0	0.0	0.0	0	0	0.0
c5	546	4	2	0	0	2	13	11	0	0	2	1.0346114930084556	0.30657617242347107	0.410675531208016	0.2175420046798201	0	0	0	0	0.5888857369573726	0.13445048199419285	0.7266374251813578	0.2655257819214452	0.0	0.0	0	0	0.0
c5	561	11	3	0	0	8	18	5	0	0	13	2.7159950826205517	0.19858490777701882	0.9963429656086066	0.11063335335318521	0	0	0	0	2.388822424052824	0.2653273471260424	2.0697075022442806	0.18930792579843386	0.0	0.0	0	0	0.0
c5	579	2	1	0	0	1	2	1	0	0	1	0.5888857369573726	0.13445048199419285	0	0	0	0	0	0	0	0	0	0	0.0	0.0	0	0	0.0
c5	596	3	1	0	0	2	4	2	0	0	2	0.977588918268315	0.1309152789750405	0.0	0.0	0	0	0.0	0.0	0.5888857369573726	0.13445048199419285	0.0	0.0	0.0	0.0	0	0	0.0
c5	609	1	1	0	0	0	5	5	0	0	0	0.0	0.0	0.0	0.0	0.0	0.0	0.0	0.0	0	0	0.0	0.0	0.0	0.0	0	0	0
c5	623	7	2	1	0	5	14	5	1	0	9	2.0722194039721304	0.2197284545208308	0.5307525444735296	0.1661873959558738	1.0986122767318034	0.6949655548333036	0.0	0.0	1.718688666051837	0.23213822745113266	0.0	0.0	0.071849	0.0	0.0	0	0.111027
c5	640	0	0	0	0	0	0	0	0	0	0	0	0	0	0	0	0	0	0	0	0	0	0	0	0	0	0	0
c5	655	4	0	0	0	4	22	0	0	0	22	0.7794369385487737	0.21961933331849978	0	0	0	0	0	0	0.7794369385487737	0.21961933331849978	0	0	0.045595	0	0	0	0.045259
c5	671	7	4	1	0	3	36	32	26	0	4	1.1888525525020448	0.21276508885967213	0.7346628928495069	0.184703168138647	0.04182965100742164	0.08196198452297429	0	0	0.977588918268315	0.1309152789750405	1.0436266777262866	0.23876532645818935	0.0	0.0	0.0	0	0.0
c5	685	18	6	1	0	12	60	23	4	0	37	2.678378057750002	0.1478912548216101	1.3319132074454174	0.24676765327487551	0.3508319131414696	0.4604361075268439	0	0	2.3945902330068423	0.15311643425772586	1.6945003578872184	0.20205288970367474	0.149854	0.21736	0.498829	0	0.107594
c5	699	10	4	2	0	6	23	7	4	0	15	2.38838812241236	0.1465434947638972	1.404505841608925	0.16766640894792695	1.0976681739167489	0.5104814936407504	0	0	1.848549487590302	0.22592240787111365	1.718688666051837	0.23213822745113266	0.043432	0.143434	0.0	0	0.0
c5	731	19	5	2	0	13	32	7	2	0	24	3.2669071622736525	0.14099619495924356	1.83455052845504	0.19632735193936637	2.1450951613315064	0.7907730099038541	0	0	2.8006774239382537	0.16652327177036194	2.845315144693646	0.19954762262393808	0.030982	0.0	0.0	0	0.041905
c5	746	25	7	2	0	17	78	24	9	0	45	3.009827976480633	0.07525769729557459	1.7053341614591866	0.13244470181269669	0.5851386033752474	0.3434488738537565	0	0	2.7879988367220774	0.12425204143960482	2.1591581896917487	0.1243541240384447	0.102696	0.125131	0.0	0	0.111146
c5	760	24	7	1	0	17	45	8	2	0	35	3.430290349829912	0.16035671363205015	2.341517627608828	0.18858285404574743	0.8908505010446907	0.8757140479633723	0	0	2.994000912200117	0.1752709174141935	2.581747331829852	0.2134329596876287	0.178236	0.124904	0.0	0	0.199951
c5	776	30	7	2	0	23	131	30	4	0	97	3.0965207308376357	0.0916306836824405	1.8118323026079026	0.13337046273556427	1.245955306000021	0.6596374419084803	0	0	2.739048706370324	0.10836136639297775	2.5778611598199554	0.13964471295695405	0.130774	0.200061	0.249447	0	0.103863
c5	790	26	8	1	0	17	71	22	2	0	47	2.9790041627445576	0.15371701965643386	1.7246983583271778	0.25309092758232754	0.9173066872486756	0.9112670910467984	0	0	2.5422852776329647	0.1907751404692041	1.9913985351427939	0.1968959797960589	0.225349	0.317823	0.49989	0	0.170295
c5	805	29	8	1	0	21	128	56	5	0	67	2.875631749164646	0.10710836835681031	1.5468965339296796	0.1602349573840727	0.26850427518911285	0.37727913242017547	0	0	2.6416666440513876	0.1365092037670844	2.0081085806731998	0.13969682971980218	0.232235	0.428804	0.20032	0	0.062397
c5	818	44	10	3	1	33	253	77	5	1	172	3.108973457421293	0.08973708931820895	1.866917206784275	0.12080078100860688	1.833629986795393	0.713552291097695	2.079441393544656	1.2337876483175882	2.7307292660612212	0.11353913861322036	2.803710295705267	0.14840773165373092	0.254297	0.447764	0.0	0.0	0.174979
c5	832	38	11	3	0	27	180	63	3	0	115	3.1699661050943146	0.09534554828480646	1.8457606100815147	0.14855151440342956	2.9787542004280585	0.8653894923984049	0	0	2.86076714670985	0.12035757179621737	2.504604343432313	0.10992114417605794	0.151335	0.242454	0.0	0	0.104121
c5	846	32	11	3	0	20	146	47	14	0	93	3.116578665727297	0.09422217534044361	2.0747508912522656	0.1455361499074772	1.0732760062651927	0.26613781894268435	0	0	2.6863008709047818	0.11260783802682806	2.7136153122316906	0.12229070963615336	0.152426	0.33162200000000003	0.214266	0	0.074828
c5	860	37	11	5	1	25	132	44	16	2	75	3.3967068973010592	0.09853112380823704	2.126353773187269	0.16528426352349523	1.7564682726707115	0.2797391809252618	0.8908505010446907	0.8757140479633723	3.071249922690732	0.11544959927293826	2.792606220259208	0.12992585780052898	0.252135	0.29539899999999997	0.499811	0.0	0.176175
c5	873	43	7	4	0	33	211	54	6	0	152	3.454056563259595	0.07525894773716126	1.6205412454125727	0.09182848454573106	2.2436206464768236	0.6835115168605205	0	0	3.2233006616912525	0.09033621374972668	2.648635358112918	0.09030716939442539	0.190293	0.037566	0.33331900000000003	0	0.23723
c5	890	55	15	6	2	37	333	87	11	3	239	3.367584306036953	0.06014570015273924	2.3662237225402376	0.08320097998940919	2.304534816717376	0.4241086183515927	1.61621796972389	0.765394688759662	2.8715553094288024	0.07484004820952848	3.0335162116701784	0.07765464494689034	0.181029	0.314168	0.454828	1.0	0.121418
c5	901	40	14	3	0	26	243	88	14	0	147	3.254335985301049	0.06326656458825496	2.1590043519162525	0.09960770665185431	1.0928744582310383	0.25930920483416126	0	0	2.788746326367794	0.07593856733424327	2.731985942194813	0.08057072740247594	0.14712	0.172242	0.214217	0	0.118337
c5	913	39	12	4	1	25	198	62	4	1	134	3.211847658400242	0.07812688508047974	2.0640414381892276	0.13741440069044683	2.9745533898911414	0.6455208792712197	1.7917593909085547	1.074429108269302	2.7468940200857745	0.0833190578755284	2.58113336087951	0.10689447314098062	0.118469	0.118167	0.0	0.0	0.120293
c5	928	38	10	2	1	26	143	54	2	1	87	3.42188960615006	0.08470957326844597	2.0336905478562923	0.09338504035128913	2.5305453577765413	0.9754646956908949	1.7482537103366462	1.0504346940764417	3.0979943379690846	0.10931894471097776	2.936154416958217	0.10481514639315945	0.18887	0.33314900000000003	0.0	0.0	0.103178
c5	946	50	12	3	0	37	200	52	14	0	135	3.551603449483262	0.0888305174316796	2.0863707553832698	0.16202387463654805	0.7406247794941314	0.3249178104389038	0	0	3.288404886250879	0.109210063883764	3.0224496790917548	0.11351040440828358	0.176499	0.300019	0.215263	0	0.126089
c5	962	46	15	3	1	31	213	84	16	2	122	3.5241107177976376	0.07655265068956345	2.3087257552956446	0.12022801696187377	1.1436079998049316	0.22614437225962228	0.8667266770135187	0.8446834067671406	3.2170016859508506	0.10027384959816152	2.894950913207172	0.08829494966211313	0.252335	0.469987	0.312318	0.4998	0.115168
c5	975	28	9	2	0	18	86	26	3	0	58	3.231001095484517	0.10298763334298547	2.2244092189276077	0.1827964452764192	1.6704299985129534	0.814998024104233	0	0	2.6985230303365024	0.1194367651982557	2.612498410729689	0.13448141755756982	0.176127	0.269104	0.66691	0	0.105527
c5	991	53	14	3	0	38	227	78	19	0	130	3.5897937956694137	0.08339706078193877	2.1981624433782545	0.1314315399397435	1.0907503130101022	0.2069152502873616	0	0	3.3484986723399017	0.10540024886011222	2.8647735163956947	0.10889056500603758	0.174069	0.210607	0.316031	0	0.131868
